coin,sinyal,yon,n,isabet,y1,y2,net,net26,ok
ADA,1 s Güçlü,↑,2143,53.616425571628554,55.08870214752568,52.1455223880597,-0.02101210298832243,-0.07748475715419899,False
ADA,1 s Güçlü,↓,2628,54.03348554033486,56.39269406392694,51.67427701674278,-0.018368273927922868,-0.08170666091501198,False
ADA,1 s Çok güçlü,↑,1622,55.11713933415536,56.596794081381006,53.637484586929716,0.017928762680470257,0.0014605555910444377,False
ADA,1 s Çok güçlü,↓,878,56.49202733485193,56.49202733485193,56.49202733485193,-0.03517806385715014,-0.08803707060324177,False
ADA,24 s Çok güçlü,↑,199,55.27638190954774,59.59595959595959,51.0,0.5835825995606903,0.04190206180517348,False
ADA,24 s Çok güçlü,↓,129,51.162790697674424,53.125,49.23076923076923,0.015148981468305338,0.01024793779074043,False
ADA,4 s Güçlü,↑,1221,50.859950859950864,54.26229508196722,47.46317512274959,-0.01675955545491821,-0.08586755583371118,False
ADA,4 s Güçlü,↓,1370,54.30656934306569,54.30656934306569,54.30656934306569,0.04453115358540337,-0.05179518373030625,False
ADA,4 s Çok güçlü,↑,804,54.72636815920397,54.975124378109456,54.47761194029851,0.033236487771670924,-0.05283379887540342,False
ADA,4 s Çok güçlü,↓,379,53.825857519788926,57.67195767195767,50.0,0.01568702097572753,-0.06311032159547873,False
ADA,8 s Güçlü,↑,709,53.45557122708039,54.51977401129944,52.394366197183096,0.1653030177406691,0.2409413256711211,False
ADA,8 s Güçlü,↓,793,53.593947036569986,54.54545454545454,52.64483627204031,0.012547556266011539,0.04375788236833251,False
ADA,8 s Çok güçlü,↑,449,55.233853006681514,59.82142857142857,50.66666666666667,0.21048116936119737,-0.2064656142141292,False
ADA,8 s Çok güçlü,↓,265,54.71698113207547,53.78787878787878,55.639097744360896,0.10512791825812678,0.21510480399764823,False
ADA,A sınıfı (4 s),↑,1320,51.287878787878796,53.63636363636364,48.93939393939394,-0.03074274023040961,-0.14339146525704333,False
ADA,A sınıfı (4 s),↓,1207,55.67522783761392,56.550580431177444,54.80132450331126,0.044717988947755104,-0.05654841543186784,False
ADA,⭐ (4 s sonucu),↑,343,58.60058309037901,56.14035087719298,61.04651162790697,0.12307767352731484,0.07332772811911202,True
ADA,⭐ (4 s sonucu),↓,123,54.47154471544715,50.81967213114754,58.06451612903226,0.08207501293262745,0.26774391115447627,False
ADA,⭐ (8 s sonucu),↑,343,53.93586005830904,56.72514619883041,51.162790697674424,0.18899336516566165,-0.06479195413206629,False
ADA,⭐ (8 s sonucu),↓,123,60.97560975609756,55.73770491803278,66.12903225806451,0.3898423003422905,0.5000336539820153,True
APT,1 s Güçlü,↑,1876,48.88059701492538,50.42643923240938,47.33475479744136,-0.05616394644983318,-0.039306758647788737,False
APT,1 s Güçlü,↓,2521,51.804839349464494,50.39682539682539,53.21173671689136,-0.013769656157812596,0.003972932938128342,False
APT,1 s Çok güçlü,↑,1470,54.08163265306123,55.78231292517006,52.38095238095239,0.016858702555539607,0.013193264113219614,False
APT,1 s Çok güçlü,↓,891,51.178451178451176,49.8876404494382,52.46636771300448,0.028105610464613042,0.025645661168467834,False
APT,24 s Çok güçlü,↑,199,48.743718592964825,41.41414141414141,56.00000000000001,-0.19516702944763165,-0.2107891172824825,False
APT,24 s Çok güçlü,↓,119,49.57983193277311,52.54237288135594,46.666666666666664,0.12997435031273408,0.24244624875268717,False
APT,4 s Güçlü,↑,1216,49.588815789473685,50.98684210526315,48.19078947368421,0.021629770609856394,-0.1214064775927704,False
APT,4 s Güçlü,↓,1291,52.285050348567,52.24806201550387,52.32198142414861,0.017039053439331323,0.04197460934207751,False
APT,4 s Çok güçlü,↑,716,52.0949720670391,57.262569832402235,46.927374301675975,-0.006066113646809988,-0.10014485266051888,False
APT,4 s Çok güçlü,↓,486,51.23456790123457,47.73662551440329,54.73251028806584,0.020004831905828982,0.0915128666715645,False
APT,8 s Güçlü,↑,734,52.17983651226158,53.950953678474114,50.40871934604905,0.12721462246362836,0.14346238974840927,False
APT,8 s Güçlü,↓,744,51.075268817204304,51.344086021505376,50.806451612903224,-0.0022793314828218015,-0.15468079061725207,False
APT,8 s Çok güçlü,↑,408,48.28431372549019,51.470588235294116,45.09803921568628,-0.19473572906603717,-0.36147332948950356,False
APT,8 s Çok güçlü,↓,326,56.13496932515337,55.828220858895705,56.44171779141104,0.24890757230433685,0.5415561920989381,False
APT,A sınıfı (4 s),↑,1090,50.091743119266056,51.37614678899083,48.80733944954129,-0.08546804676745651,-0.08585001013220954,False
APT,A sınıfı (4 s),↓,1020,54.41176470588235,51.9607843137255,56.86274509803921,0.06988324884377689,0.14931812704094188,False
APT,⭐ (4 s sonucu),↑,257,51.36186770428015,56.25,46.51162790697674,-0.08937548479965743,-0.3676025766961011,False
APT,⭐ (4 s sonucu),↓,138,54.347826086956516,53.62318840579711,55.072463768115945,0.2430836713554691,0.7086571493082592,False
APT,⭐ (8 s sonucu),↑,257,46.69260700389105,52.34375,41.08527131782946,-0.2357132878832987,-0.7329543023621201,False
APT,⭐ (8 s sonucu),↓,138,52.89855072463768,52.17391304347826,53.62318840579711,0.06177923759085853,0.38161427437558937,False
ARB,1 s Güçlü,↑,1585,53.4384858044164,56.313131313131315,50.56746532156369,-0.03168952091638684,-0.021052888212846,False
ARB,1 s Güçlü,↓,2118,52.54957507082153,51.652502360717655,53.4466477809254,-0.029060757702285826,0.010902848734877672,False
ARB,1 s Çok güçlü,↑,1223,55.60098119378577,57.61047463175123,53.59477124183007,0.019446616192598968,0.05328651220156727,False
ARB,1 s Çok güçlü,↓,680,49.85294117647059,49.411764705882355,50.294117647058826,-0.04563381979213835,-0.047952734970513514,False
ARB,24 s Çok güçlü,↑,140,49.28571428571429,57.14285714285714,41.42857142857143,0.15827930211754043,0.708848510522149,False
ARB,24 s Çok güçlü,↓,115,55.65217391304348,54.385964912280706,56.896551724137936,-0.20183470008116475,-0.5927321385174292,False
ARB,4 s Güçlü,↑,972,51.54320987654321,53.29218106995884,49.794238683127574,0.025001668385474615,0.037452257272987635,False
ARB,4 s Güçlü,↓,1117,52.99910474485229,52.508960573476706,53.48837209302325,-0.024587690024889666,-0.05284910789151537,False
ARB,4 s Çok güçlü,↑,587,53.4923339011925,53.92491467576792,53.06122448979592,0.025099336740138332,0.3948294852874031,False
ARB,4 s Çok güçlü,↓,412,53.883495145631066,53.398058252427184,54.36893203883495,-0.03645572316509297,-0.03141270667085789,False
ARB,8 s Güçlü,↑,561,49.73262032085562,50.71428571428571,48.754448398576514,0.05017833999190355,0.11605189865880655,False
ARB,8 s Güçlü,↓,601,51.9134775374376,52.0,51.82724252491694,0.03854883839288277,-0.08148847413348478,False
ARB,8 s Çok güçlü,↑,312,55.12820512820513,54.48717948717948,55.769230769230774,0.09068055363608984,0.4890047354446439,False
ARB,8 s Çok güçlü,↓,232,53.879310344827594,58.620689655172406,49.137931034482754,0.17769743273650201,-0.2903491459209586,False
ARB,A sınıfı (4 s),↑,846,51.30023640661938,53.90070921985816,48.69976359338061,0.05838913559253586,0.1732981465282097,False
ARB,A sınıfı (4 s),↓,812,51.47783251231527,50.73891625615764,52.21674876847291,-0.08066052447341476,-0.14006720496060907,False
ARB,⭐ (4 s sonucu),↑,195,51.7948717948718,53.608247422680414,50.0,-0.290565113353351,0.3507993195292519,False
ARB,⭐ (4 s sonucu),↓,126,65.07936507936508,65.07936507936508,65.07936507936508,0.5053215256339098,0.4106851365642967,True
ARB,⭐ (8 s sonucu),↑,195,49.743589743589745,48.45360824742268,51.02040816326531,-0.28195128974991,0.43349329988948215,False
ARB,⭐ (8 s sonucu),↓,126,58.730158730158735,60.317460317460316,57.14285714285714,0.5069993297098607,0.38961681448716123,True
BNB,1 s Güçlü,↑,2141,55.16113965436712,56.26168224299065,54.061624649859944,-0.03730054641962261,-0.04267845100427963,False
BNB,1 s Güçlü,↓,2655,51.60075329566855,51.39412207987942,51.80722891566265,-0.03817343763779242,-0.025195825337683653,False
BNB,1 s Çok güçlü,↑,1518,58.89328063241107,61.001317523056656,56.78524374176548,0.04586675033489852,-0.01927194639534671,False
BNB,1 s Çok güçlü,↓,974,52.053388090349074,54.00410677618069,50.10266940451745,-0.059796179692738635,-0.1094118256522978,False
BNB,24 s Çok güçlü,↑,217,55.76036866359447,62.03703703703704,49.54128440366973,0.30646763809099903,-0.27181151402536025,False
BNB,24 s Çok güçlü,↓,131,41.221374045801525,40.0,42.42424242424242,-0.4257889719307766,-0.7497121556298139,False
BNB,4 s Güçlü,↑,1236,55.8252427184466,57.92880258899677,53.72168284789643,-0.0029110826544849534,-0.12322527204860836,False
BNB,4 s Güçlü,↓,1276,49.137931034482754,47.492163009404386,50.78369905956113,-0.055124036939022784,-0.08847737454852136,False
BNB,4 s Çok güçlü,↑,682,58.504398826979475,61.58357771260997,55.42521994134897,0.06256095267577019,-0.03197222574286725,False
BNB,4 s Çok güçlü,↓,509,51.277013752455794,53.54330708661418,49.01960784313725,-0.0054895552359642535,-0.13292083138728422,False
BNB,8 s Güçlü,↑,751,56.59121171770972,57.333333333333336,55.85106382978723,0.03708012245557854,-0.008457585462175465,False
BNB,8 s Güçlü,↓,759,51.77865612648221,52.242744063324544,51.31578947368421,-0.027308001425792778,-0.15744157818463408,False
BNB,8 s Çok güçlü,↑,415,60.96385542168675,60.86956521739131,61.057692307692314,0.18716510243652937,-0.12384215149568252,False
BNB,8 s Çok güçlü,↓,291,49.828178694158076,48.96551724137931,50.68493150684932,0.009084662043705016,-0.2015537305863159,False
BNB,A sınıfı (4 s),↑,1273,58.287509819324434,59.11949685534591,57.45682888540031,0.07709985109217922,0.010900141265069035,True
BNB,A sınıfı (4 s),↓,1228,51.79153094462541,51.954397394136805,51.62866449511401,-0.02916261572390142,-0.0449574770550011,False
BNB,⭐ (4 s sonucu),↑,261,58.620689655172406,63.84615384615384,53.43511450381679,0.22610266116791458,-0.05766576158912583,False
BNB,⭐ (4 s sonucu),↓,152,53.94736842105263,53.94736842105263,53.94736842105263,0.08549408639894057,-0.10298788621196295,False
BNB,⭐ (8 s sonucu),↑,261,59.00383141762452,58.46153846153847,59.541984732824424,0.2172137847037481,-0.11417535805497234,False
BNB,⭐ (8 s sonucu),↓,152,53.94736842105263,57.89473684210527,50.0,0.18286747499863074,-0.14975348564606702,False
BTC,1 s Güçlü,↑,2389,55.54625366262035,57.45393634840871,53.64016736401673,-0.03096898478997956,-0.047044802376819524,False
BTC,1 s Güçlü,↓,2409,53.79825653798257,53.98671096345515,53.60995850622407,-0.03301337814567938,-0.04900632354315214,False
BTC,1 s Çok güçlü,↑,1258,60.9697933227345,61.685214626391094,60.254372019077906,0.01294752004710658,-0.02649259271025203,False
BTC,1 s Çok güçlü,↓,1233,57.420924574209245,58.27922077922077,56.56401944894651,-0.037959585716248787,-0.06301888425476591,False
BTC,24 s Çok güçlü,↑,200,54.0,56.99999999999999,51.0,0.05710380904945399,-0.15998811233671353,False
BTC,24 s Çok güçlü,↓,142,53.52112676056338,47.88732394366197,59.154929577464785,-0.0031124600888874886,-0.08619930288029244,False
BTC,4 s Güçlü,↑,1407,55.72139303482587,58.03698435277382,53.40909090909091,-0.005498373100708881,-0.03056530201177562,False
BTC,4 s Güçlü,↓,1363,55.39251650770359,54.91923641703378,55.86510263929618,-0.037536078548555,-0.023443995547300738,False
BTC,4 s Çok güçlü,↑,673,60.62407132243685,63.095238095238095,58.160237388724035,0.08428369753200765,0.07725302097477642,True
BTC,4 s Çok güçlü,↓,644,57.298136645962735,62.11180124223602,52.484472049689444,0.01826539146262672,-0.07850020976789286,False
BTC,8 s Güçlü,↑,945,56.19047619047619,55.932203389830505,56.448202959830866,0.04000714552115386,0.009711105419523573,False
BTC,8 s Güçlü,↓,939,52.39616613418531,51.59914712153518,53.191489361702125,-0.031871568012065164,-0.0552922189718513,False
BTC,8 s Çok güçlü,↑,507,57.001972386587774,60.079051383399204,53.937007874015755,0.09468426358576347,-0.035327182737065185,False
BTC,8 s Çok güçlü,↓,409,50.61124694376527,53.431372549019606,47.80487804878049,-0.11795097482188568,-0.33880992191189924,False
BTC,A sınıfı (4 s),↑,1497,57.84903139612558,60.56149732620321,55.140186915887845,0.02494805417766709,-0.029123071150396605,False
BTC,A sınıfı (4 s),↓,1420,54.7887323943662,55.07042253521127,54.507042253521135,-0.04679787744198397,-0.059806146866337784,False
BTC,⭐ (4 s sonucu),↑,307,63.51791530944625,66.66666666666666,60.3896103896104,0.10630272113675096,0.11229813014462639,True
BTC,⭐ (4 s sonucu),↓,240,60.83333333333333,68.33333333333333,53.333333333333336,0.003907046430305207,-0.15273499374286031,False
BTC,⭐ (8 s sonucu),↑,307,61.88925081433225,66.01307189542483,57.7922077922078,0.20153817652819342,0.16557515948960247,True
BTC,⭐ (8 s sonucu),↓,240,59.583333333333336,60.0,59.166666666666664,0.04701004985371008,0.019143948685157057,True
DOGE,1 s Güçlü,↑,2286,55.46806649168854,55.90551181102362,55.030621172353456,-0.03240627632277568,-0.0419158619782226,False
DOGE,1 s Güçlü,↓,2474,54.12287793047697,54.9717057396928,53.27405012126112,-0.03851493280042853,-0.0754480866621593,False
DOGE,1 s Çok güçlü,↑,1331,56.79939894815927,59.54887218045113,54.054054054054056,0.031669331076142025,0.001974897975046159,False
DOGE,1 s Çok güçlü,↓,1176,56.4625850340136,57.6530612244898,55.27210884353742,0.014379521642028024,-0.04026857042367951,False
DOGE,24 s Çok güçlü,↑,195,60.51282051282051,62.88659793814433,58.16326530612245,0.63753313853114,0.7140058609216281,True
DOGE,24 s Çok güçlü,↓,103,58.252427184466015,64.70588235294117,51.92307692307693,-0.15918055717132346,-0.12921935337737894,False
DOGE,4 s Güçlü,↑,1335,54.53183520599251,56.8215892053973,52.24550898203593,0.0203204130686455,-0.04658992542598923,False
DOGE,4 s Güçlü,↓,1359,51.87637969094923,50.95729013254786,52.794117647058826,-0.06781489353215939,-0.06500577284238683,False
DOGE,4 s Çok güçlü,↑,739,55.88633288227334,60.70460704607046,51.08108108108108,0.08207279473954164,0.06811659866571111,False
DOGE,4 s Çok güçlü,↓,517,57.05996131528046,57.751937984496124,56.37065637065637,0.1311623975142681,-0.0042794708859024665,False
DOGE,8 s Güçlü,↑,773,54.33376455368693,56.73575129533679,51.93798449612403,0.100759018722679,0.07863354118297636,False
DOGE,8 s Güçlü,↓,833,54.741896758703476,54.807692307692314,54.67625899280576,0.031151387891243054,-0.08305507465268618,False
DOGE,8 s Çok güçlü,↑,444,56.531531531531535,59.45945945945946,53.6036036036036,0.18532042053961878,0.2558335240610904,False
DOGE,8 s Çok güçlü,↓,272,56.25,61.029411764705884,51.470588235294116,0.2827124431184011,0.1784535333720138,False
DOGE,A sınıfı (4 s),↑,1341,54.80984340044742,55.52238805970149,54.09836065573771,0.055748401841035834,0.04569539737625784,False
DOGE,A sınıfı (4 s),↓,1345,55.61338289962825,55.05952380952381,56.16641901931649,0.04649417053689897,-0.08092425153898511,False
DOGE,⭐ (4 s sonucu),↑,318,60.37735849056604,64.15094339622641,56.60377358490566,0.08349247677499444,0.13106240476774714,True
DOGE,⭐ (4 s sonucu),↓,175,54.285714285714285,54.02298850574713,54.54545454545454,0.10988158409810292,0.2412274698966928,False
DOGE,⭐ (8 s sonucu),↑,318,58.80503144654088,61.63522012578616,55.9748427672956,0.09751080885433674,0.1946502082493064,True
DOGE,⭐ (8 s sonucu),↓,175,59.42857142857143,57.47126436781609,61.36363636363637,0.49937789500083013,0.4377516007517531,True
DOT,1 s Güçlü,↑,1968,53.8109756097561,55.487804878048784,52.13414634146341,-0.0002761689104989738,-0.015297393826756519,False
DOT,1 s Güçlü,↓,2846,52.600140548137745,52.28390723822909,52.916373858046384,-0.001009462893624083,0.006348662366658159,False
DOT,1 s Çok güçlü,↑,1784,54.09192825112108,57.0627802690583,51.12107623318386,-0.015092580471312353,0.0006752130413481748,False
DOT,1 s Çok güçlü,↓,688,52.470930232558146,54.360465116279066,50.58139534883721,0.0007189584177841279,-0.025272062816410392,False
DOT,24 s Çok güçlü,↑,148,57.432432432432435,64.86486486486487,50.0,0.39310071439448285,-0.5902983697920711,False
DOT,24 s Çok güçlü,↓,153,60.78431372549019,60.526315789473685,61.038961038961034,1.1202938729437795,0.700191755245585,True
DOT,4 s Güçlü,↑,1256,50.0,52.38853503184714,47.611464968152866,0.009562648996273388,-0.1155436029983956,False
DOT,4 s Güçlü,↓,1419,54.052149400986615,55.00705218617772,53.09859154929577,0.00764416318604325,-0.04932260317462227,False
DOT,4 s Çok güçlü,↑,845,55.14792899408284,60.90047393364929,49.40898345153664,1.768641834544375e-05,0.0030226411942546124,False
DOT,4 s Çok güçlü,↓,408,56.127450980392155,57.84313725490197,54.41176470588235,0.07049068469976988,-0.016021182056978545,False
DOT,8 s Güçlü,↑,713,53.015427769985976,55.33707865168539,50.700280112044815,0.08395051447356669,0.011441730051592979,False
DOT,8 s Güçlü,↓,750,53.6,52.53333333333333,54.666666666666664,0.10939119100974283,0.12819584195920694,False
DOT,8 s Çok güçlü,↑,409,54.034229828850854,58.82352941176471,49.26829268292683,0.09994909471429796,-0.36750838541133934,False
DOT,8 s Çok güçlü,↓,264,57.1969696969697,54.54545454545454,59.84848484848485,0.09144997061217987,-0.19107515891022636,False
DOT,A sınıfı (4 s),↑,1263,52.25653206650831,55.942947702060216,48.575949367088604,-0.021113104772236116,-0.08077956191821471,False
DOT,A sınıfı (4 s),↓,1169,55.94525235243798,57.36301369863014,54.52991452991453,0.08583323621357966,-0.04185799060824892,False
DOT,⭐ (4 s sonucu),↑,320,60.9375,65.625,56.25,0.24589625925156844,0.2911862538856342,True
DOT,⭐ (4 s sonucu),↓,123,53.65853658536586,60.65573770491803,46.774193548387096,-0.0028147305997580662,-0.3754791388473668,False
DOT,⭐ (8 s sonucu),↑,320,56.56250000000001,62.5,50.625,0.1417897798342962,-0.18545034665597437,False
DOT,⭐ (8 s sonucu),↓,123,61.78861788617886,65.57377049180327,58.06451612903226,0.22527861709474073,-0.46565378638880894,False
ETH,1 s Güçlü,↑,2409,56.413449564134496,57.14285714285714,55.684647302904565,-0.03567971443361146,-0.01988680893453674,False
ETH,1 s Güçlü,↓,2382,56.38119227539883,58.69017632241813,54.072208228379516,-0.032993311776471475,-0.0490161837371289,False
ETH,1 s Çok güçlü,↑,1209,58.7262200165426,59.60264900662252,57.85123966942148,0.01198998345864978,-0.07828353737596137,False
ETH,1 s Çok güçlü,↓,1293,56.61252900232019,58.51393188854489,54.71406491499228,-0.0584040588070443,-0.11890291657047909,False
ETH,24 s Çok güçlü,↑,178,56.17977528089888,62.92134831460674,49.43820224719101,0.15247316156400134,-0.6839772226250781,False
ETH,24 s Çok güçlü,↓,149,56.375838926174495,55.4054054054054,57.333333333333336,-0.08816541124941775,-0.4566542651163523,False
ETH,4 s Güçlü,↑,1263,54.47347585114806,56.89381933438986,52.05696202531646,-0.04183868652995467,-0.06173861378555867,False
ETH,4 s Güçlü,↓,1379,54.82233502538071,54.71698113207547,54.927536231884055,-0.014363295745811055,-0.08373523684576374,False
ETH,4 s Çok güçlü,↑,650,60.15384615384616,63.07692307692307,57.230769230769226,0.07617114663377444,0.05595229552097963,True
ETH,4 s Çok güçlü,↓,565,51.681415929203546,53.90070921985816,49.46996466431096,-0.11690201039516211,-0.27592577208871655,False
ETH,8 s Güçlü,↑,772,56.476683937823836,58.2901554404145,54.66321243523316,-0.07104964044070088,-0.09144336903488308,False
ETH,8 s Güçlü,↓,814,54.2997542997543,54.54545454545454,54.054054054054056,0.03436397657131808,-0.01219043086666542,False
ETH,8 s Çok güçlü,↑,401,58.104738154613464,58.5,57.711442786069654,0.18416548159576618,-0.00012792304748565194,False
ETH,8 s Çok güçlü,↓,347,55.61959654178674,58.38150289017341,52.87356321839081,0.021625337539272996,-0.07673789339943336,False
ETH,A sınıfı (4 s),↑,1260,58.25396825396826,59.84126984126984,56.666666666666664,0.010536010794251392,0.03986836222646461,True
ETH,A sınıfı (4 s),↓,1303,54.643131235610134,55.29953917050692,53.987730061349694,-0.019550578719800395,-0.123145511733164,False
ETH,⭐ (4 s sonucu),↑,264,57.95454545454546,57.57575757575758,58.333333333333336,0.08099476869681363,0.2587280918652182,False
ETH,⭐ (4 s sonucu),↓,191,57.06806282722513,53.68421052631579,60.416666666666664,0.08639226029577327,-0.11852367039040561,False
ETH,⭐ (8 s sonucu),↑,264,57.1969696969697,59.09090909090909,55.3030303030303,0.12697383101456675,0.2635844282209595,False
ETH,⭐ (8 s sonucu),↓,191,55.497382198952884,49.473684210526315,61.458333333333336,0.021180595379444892,-0.10967962918164795,False
FLOKI,1 s Güçlü,↑,1595,51.724137931034484,52.57214554579674,50.877192982456144,-0.020482313301881987,0.03366408206903302,False
FLOKI,1 s Güçlü,↓,1833,54.28259683578832,53.930131004366814,54.63467829880043,-0.007573909374736602,-0.015725707219103737,False
FLOKI,1 s Çok güçlü,↑,997,54.16248746238716,55.82329317269076,52.505010020040075,-0.013237530606028395,-0.030953188348778266,False
FLOKI,1 s Çok güçlü,↓,890,53.70786516853933,55.50561797752809,51.91011235955057,-0.06961622538072307,-0.05404553925749628,False
FLOKI,24 s Çok güçlü,↑,158,54.43037974683544,56.9620253164557,51.89873417721519,0.24322726197951589,0.5529301453817486,False
FLOKI,24 s Çok güçlü,↓,129,54.263565891472865,53.125,55.38461538461539,0.20151786332725208,0.28243557358209886,False
FLOKI,4 s Güçlü,↑,1022,53.91389432485323,56.16438356164384,51.66340508806262,-0.010460809057461738,0.033391470854324194,False
FLOKI,4 s Güçlü,↓,1075,57.76744186046512,59.0316573556797,56.50557620817844,-0.001905357775480179,-0.06672831351011864,False
FLOKI,4 s Çok güçlü,↑,510,52.94117647058824,50.98039215686274,54.90196078431373,-0.07769670792227032,0.15561151097659412,False
FLOKI,4 s Çok güçlü,↓,443,55.98194130925508,55.203619909502265,56.75675675675676,0.05049747438971145,-0.03204783282788816,False
FLOKI,8 s Güçlü,↑,562,50.177935943060504,46.97508896797153,53.380782918149464,-0.08944793598924956,0.12358881223310146,False
FLOKI,8 s Güçlü,↓,622,56.430868167202576,54.340836012861736,58.520900321543415,0.11216116459817026,0.038978879000627055,False
FLOKI,8 s Çok güçlü,↑,335,55.82089552238806,55.688622754491014,55.952380952380956,0.27037148950134404,0.3836171979236387,False
FLOKI,8 s Çok güçlü,↓,217,56.68202764976959,57.407407407407405,55.96330275229357,0.10411662880514819,0.024527889534221,False
FLOKI,A sınıfı (4 s),↑,868,52.764976958525345,52.764976958525345,52.764976958525345,0.039359055963184536,0.10690553001707583,False
FLOKI,A sınıfı (4 s),↓,830,58.554216867469876,57.831325301204814,59.27710843373494,0.0955847787790891,0.0759536817286757,True
FLOKI,⭐ (4 s sonucu),↑,194,55.154639175257735,52.57731958762887,57.73195876288659,-0.03403785454135875,0.2982471301785578,False
FLOKI,⭐ (4 s sonucu),↓,109,55.04587155963303,53.70370370370371,56.36363636363636,0.13535658367197292,0.030895170549175885,False
FLOKI,⭐ (8 s sonucu),↑,194,58.24742268041238,58.76288659793815,57.73195876288659,0.16177543181381235,0.37591323102398444,True
FLOKI,⭐ (8 s sonucu),↓,109,58.71559633027523,59.25925925925925,58.18181818181818,-0.04785421025497884,-0.12235064121167473,False
LINK,1 s Güçlü,↑,2154,52.92479108635098,55.61745589600743,50.23212627669452,0.009416335524902217,-0.03457284411009854,False
LINK,1 s Güçlü,↓,2637,52.521805081532044,52.88315629742033,52.16072782410917,-0.0013471075184964768,-0.038665079362637654,False
LINK,1 s Çok güçlü,↑,1536,54.6875,55.078125,54.296875,0.0004913903222894018,0.031053102397652337,False
LINK,1 s Çok güçlü,↓,973,52.826310380267216,51.23456790123457,54.41478439425052,-0.034472524463134056,-0.07761675629593194,False
LINK,24 s Çok güçlü,↑,183,55.19125683060109,60.43956043956044,50.0,0.46631812381274446,-0.5752396767376519,False
LINK,24 s Çok güçlü,↓,140,58.57142857142858,58.57142857142858,58.57142857142858,0.2657353274464721,0.16830786779719917,True
LINK,4 s Güçlü,↑,1194,52.428810720268004,53.768844221105525,51.08877721943048,0.008434237263421834,-0.09082220375436696,False
LINK,4 s Güçlü,↓,1270,52.44094488188976,52.59842519685039,52.28346456692914,-0.03553777669811853,-0.011493582764416735,False
LINK,4 s Çok güçlü,↑,659,55.53869499241275,58.05471124620061,53.03030303030303,0.12268450219680171,0.05947151572923792,False
LINK,4 s Çok güçlü,↓,511,49.902152641878665,52.156862745098046,47.65625,-0.03444894147895237,-0.17975134988936,False
LINK,8 s Güçlü,↑,695,53.23741007194245,55.907780979827095,50.57471264367817,0.09097291822613036,-0.08576069709628285,False
LINK,8 s Güçlü,↓,735,51.42857142857142,55.04087193460491,47.82608695652174,0.02686662913242787,-0.058974385861738386,False
LINK,8 s Çok güçlü,↑,373,54.15549597855228,60.215053763440864,48.1283422459893,0.2769316302343239,0.08872974575734675,False
LINK,8 s Çok güçlü,↓,320,51.5625,53.125,50.0,-0.07751928359814016,-0.2222358549174472,False
LINK,A sınıfı (4 s),↑,1158,55.87219343696027,56.13126079447323,55.613126079447326,0.10386341878488138,0.11417326279818962,False
LINK,A sınıfı (4 s),↓,1072,51.77238805970149,52.23880597014925,51.30597014925373,0.0009030614937362944,-0.14986061587910673,False
LINK,⭐ (4 s sonucu),↑,210,59.523809523809526,64.76190476190476,54.285714285714285,0.28056806636016146,0.20600720291934183,False
LINK,⭐ (4 s sonucu),↓,126,51.587301587301596,50.79365079365079,52.38095238095239,0.009234774272760872,-0.029237326845466784,False
LINK,⭐ (8 s sonucu),↑,210,54.285714285714285,60.952380952380956,47.61904761904761,0.274191732696471,-0.0729894409537673,False
LINK,⭐ (8 s sonucu),↓,126,57.14285714285714,55.55555555555556,58.730158730158735,0.08975041398458536,0.34797584479879073,False
NEAR,1 s Güçlü,↑,2184,51.968864468864474,53.84615384615385,50.091575091575095,-0.011857732157760842,-0.028705372867090285,False
NEAR,1 s Güçlü,↓,2524,52.020602218700475,52.139461172741676,51.901743264659274,-0.014024804408856133,-0.05435205984430282,False
NEAR,1 s Çok güçlü,↑,1478,54.87144790257105,54.397834912043294,55.34506089309878,0.05945981560867839,0.10631487666984997,False
NEAR,1 s Çok güçlü,↓,1055,54.88151658767772,58.82352941176471,50.9469696969697,0.0017456965693736827,-0.1327063400739435,False
NEAR,24 s Çok güçlü,↑,174,52.87356321839081,51.724137931034484,54.02298850574713,1.197804695715591,0.9804731846951752,False
NEAR,24 s Çok güçlü,↓,156,48.07692307692308,42.30769230769231,53.84615384615385,-0.43686231665629294,0.10733858702238028,False
NEAR,4 s Güçlü,↑,1209,53.18444995864351,54.3046357615894,52.066115702479344,0.09676226686411063,0.2218879927922869,False
NEAR,4 s Güçlü,↓,1224,52.532679738562095,51.143790849673195,53.92156862745098,-0.03355255910916584,0.0101861525698684,False
NEAR,4 s Çok güçlü,↑,640,55.00000000000001,58.75,51.24999999999999,0.058636529094907575,-0.027752468204086663,False
NEAR,4 s Çok güçlü,↓,542,54.4280442804428,56.08856088560885,52.767527675276746,0.0016345844273407612,-0.12353436474401981,False
NEAR,8 s Güçlü,↑,666,51.80180180180181,52.85285285285285,50.750750750750754,0.020980557867780823,-0.13409843377771233,False
NEAR,8 s Güçlü,↓,751,52.46338215712384,54.400000000000006,50.53191489361703,-0.00842751256927762,-0.29368109785046836,False
NEAR,8 s Çok güçlü,↑,338,52.662721893491124,56.213017751479285,49.112426035502956,0.30866602963764084,0.08831806439564859,False
NEAR,8 s Çok güçlü,↓,310,51.61290322580645,48.38709677419355,54.83870967741935,-0.2244515068144387,-0.12943114043854942,False
NEAR,A sınıfı (4 s),↑,1184,53.37837837837838,54.89864864864865,51.858108108108105,0.0874708162235718,0.004169440419715866,False
NEAR,A sınıfı (4 s),↓,1090,53.21100917431193,53.57798165137615,52.84403669724771,-0.015223668746092543,-0.1710319179229119,False
NEAR,⭐ (4 s sonucu),↑,201,56.21890547263681,60.0,52.475247524752476,-0.010909528750004227,-0.21470220039747334,False
NEAR,⭐ (4 s sonucu),↓,170,52.94117647058824,51.76470588235295,54.11764705882353,-0.22080863905564477,-0.43130935400779125,False
NEAR,⭐ (8 s sonucu),↑,201,52.736318407960205,56.99999999999999,48.51485148514851,0.20387244931702547,-0.23558176919768817,False
NEAR,⭐ (8 s sonucu),↓,170,50.0,48.23529411764706,51.76470588235295,-0.2338825412534204,-1.100722794010374,False
OP,1 s Güçlü,↑,2256,52.21631205673759,52.836879432624116,51.59574468085106,-0.02294759823468923,-0.045827007867764,False
OP,1 s Güçlü,↓,2570,52.723735408560316,53.85214007782101,51.59533073929962,0.0014694060324967077,-0.06491888109931486,False
OP,1 s Çok güçlü,↑,1408,54.04829545454546,55.11363636363637,52.98295454545454,-0.03871621128900473,0.009366113258680156,False
OP,1 s Çok güçlü,↓,1119,53.61930294906166,52.772808586762075,54.46428571428571,0.007437684352951675,0.08202076696637432,False
OP,24 s Çok güçlü,↑,177,51.9774011299435,63.63636363636363,40.44943820224719,0.12014621385708373,-1.175838528833517,False
OP,24 s Çok güçlü,↓,123,47.96747967479675,50.81967213114754,45.16129032258064,0.08562925954503164,-1.0409624553795116,False
OP,4 s Güçlü,↑,1235,51.25506072874494,53.80875202593193,48.70550161812297,0.011007715200487425,-0.20092296566816523,False
OP,4 s Güçlü,↓,1303,52.64773599386032,54.83870967741935,50.4601226993865,0.004810955715744287,-0.1685957539027469,False
OP,4 s Çok güçlü,↑,644,52.01863354037267,54.037267080745345,50.0,-0.055466762129508226,-0.11146577567564103,False
OP,4 s Çok güçlü,↓,539,53.80333951762524,59.10780669144982,48.51851851851852,0.10463362145282158,-0.11152201400391593,False
OP,8 s Güçlü,↑,690,50.0,50.72463768115942,49.275362318840585,-0.0644859714714879,-0.1571720050778988,False
OP,8 s Güçlü,↓,692,55.63583815028902,56.06936416184971,55.202312138728324,0.24424401358875583,0.09346893578906844,False
OP,8 s Çok güçlü,↑,384,49.47916666666667,53.645833333333336,45.3125,-0.057412945608653176,-0.2729783849433559,False
OP,8 s Çok güçlü,↓,271,52.02952029520295,51.85185185185185,52.20588235294118,0.22943562707312204,0.2669345096704215,False
OP,A sınıfı (4 s),↑,1097,52.68915223336372,54.01459854014598,51.36612021857923,0.019277770484464284,-0.0508727827348164,False
OP,A sınıfı (4 s),↓,988,52.125506072874494,52.63157894736842,51.61943319838057,0.05602320339093487,0.016359784345694742,False
OP,⭐ (4 s sonucu),↑,227,51.541850220264315,55.75221238938053,47.368421052631575,-0.18586880358663696,-0.21259136529412298,False
OP,⭐ (4 s sonucu),↓,115,58.26086956521739,57.89473684210527,58.620689655172406,0.3701898623162486,0.33085186197475264,True
OP,⭐ (8 s sonucu),↑,227,50.22026431718062,58.4070796460177,42.10526315789473,-0.2615371714807991,-0.7690741585809948,False
OP,⭐ (8 s sonucu),↓,115,55.65217391304348,61.40350877192983,50.0,0.4547037119951889,0.5827670318113091,False
PEPE,1 s Güçlü,↑,1570,51.46496815286624,54.77707006369427,48.152866242038215,0.06145763395091863,0.1293278867124392,False
PEPE,1 s Güçlü,↓,1840,50.27173913043478,50.76086956521739,49.78260869565217,0.011049664706568041,0.057795619902785825,False
PEPE,1 s Çok güçlü,↑,973,52.826310380267216,56.17283950617284,49.48665297741273,0.03883342594314406,0.02849558343157811,False
PEPE,1 s Çok güçlü,↓,849,54.29917550058892,56.839622641509436,51.76470588235295,0.0799113625392709,0.11130450448024584,False
PEPE,24 s Çok güçlü,↑,137,54.74452554744526,57.35294117647059,52.17391304347826,1.6942147820069136,1.9670697075817565,False
PEPE,24 s Çok güçlü,↓,106,48.113207547169814,45.28301886792453,50.943396226415096,0.14351469526949673,-0.40815131809969024,False
PEPE,4 s Güçlü,↑,1111,47.434743474347435,49.18918918918919,45.68345323741007,-0.11339012102142566,-0.0877221656402563,False
PEPE,4 s Güçlü,↓,1232,49.83766233766234,50.16233766233766,49.51298701298701,-0.07861796857992841,-0.14096861916101244,False
PEPE,4 s Çok güçlü,↑,710,50.140845070422536,54.647887323943664,45.63380281690141,0.07405371210994525,0.08136605723303453,False
PEPE,4 s Çok güçlü,↓,439,49.65831435079727,53.42465753424658,45.909090909090914,0.09620158801329953,0.09499918134441596,False
PEPE,8 s Güçlü,↑,663,51.734539969834096,54.98489425981873,48.493975903614455,0.13283733325521693,0.04723042378979116,False
PEPE,8 s Güçlü,↓,697,52.94117647058824,51.724137931034484,54.15472779369628,0.08344540131284992,0.15090788876175612,False
PEPE,8 s Çok güçlü,↑,342,54.09356725146199,57.30994152046783,50.877192982456144,0.36963989606620207,0.3057969208283556,False
PEPE,8 s Çok güçlü,↓,272,52.20588235294118,54.41176470588235,50.0,0.26955978725489205,0.08669597366363556,False
PEPE,A sınıfı (4 s),↑,992,52.41935483870967,56.048387096774185,48.79032258064516,0.13139965756924996,0.17719610959389878,False
PEPE,A sınıfı (4 s),↓,969,54.592363261093915,54.132231404958674,55.05154639175258,0.08329076234866857,0.08341268155913666,False
PEPE,⭐ (4 s sonucu),↑,222,52.25225225225225,54.95495495495496,49.549549549549546,0.1340125548110543,0.40746020509023007,False
PEPE,⭐ (4 s sonucu),↓,100,49.0,52.0,46.0,0.14823309736591725,0.16101919928978356,False
PEPE,⭐ (8 s sonucu),↑,222,54.95495495495496,61.261261261261254,48.64864864864865,0.5943835535818682,0.46858990563834435,False
PEPE,⭐ (8 s sonucu),↓,100,56.99999999999999,57.99999999999999,56.00000000000001,0.4631139701280039,0.34906595113897276,False
SHIB,1 s Güçlü,↑,2026,52.319842053307006,54.29417571569596,50.34550839091807,-0.027191108814238005,-0.014877801009086249,False
SHIB,1 s Güçlü,↓,2778,51.151907847372215,52.69978401727862,49.604031677465805,-0.009054554410919118,0.013916904186612834,False
SHIB,1 s Çok güçlü,↑,1676,55.787589498806675,60.26252983293556,51.3126491646778,0.05574697750536228,0.02991144040151513,False
SHIB,1 s Çok güçlü,↓,795,52.327044025157235,54.15617128463476,50.502512562814076,0.011305390375154599,-0.028164692444958204,False
SHIB,24 s Çok güçlü,↑,202,58.415841584158414,59.4059405940594,57.42574257425742,1.011522612802053,0.8714472524219024,True
SHIB,24 s Çok güçlü,↓,111,51.35135135135135,54.54545454545454,48.214285714285715,-0.4811967029038212,0.16460290155136062,False
SHIB,4 s Güçlü,↑,1245,50.76305220883535,54.82315112540193,46.70947030497592,-0.02348796627552756,-0.013466241474814695,False
SHIB,4 s Güçlü,↓,1324,54.456193353474326,55.438066465256796,53.47432024169184,0.08534088421575771,-0.02079630567746605,False
SHIB,4 s Çok güçlü,↑,769,56.566970091027315,62.239583333333336,50.90909090909091,0.1293329086637741,0.09972997361245985,False
SHIB,4 s Çok güçlü,↓,398,48.99497487437186,51.256281407035175,46.733668341708544,-0.1742436110797124,-0.28712140951290144,False
SHIB,8 s Güçlü,↑,748,51.87165775401069,55.61497326203209,48.1283422459893,0.04779063787891222,-0.014081025503903753,False
SHIB,8 s Güçlü,↓,788,54.82233502538071,54.314720812182735,55.32994923857868,0.08464094566943105,0.1697219548274298,False
SHIB,8 s Çok güçlü,↑,418,57.41626794258373,61.24401913875598,53.588516746411486,0.44523791656313727,0.17857091196011549,False
SHIB,8 s Çok güçlü,↓,286,54.54545454545454,62.23776223776224,46.85314685314685,0.028515825287517862,-0.28893969673684766,False
SHIB,A sınıfı (4 s),↑,1294,51.931993817619784,55.486862442040184,48.37712519319938,0.03333356119411307,0.025098119226302094,False
SHIB,A sınıfı (4 s),↓,1266,55.45023696682464,57.66192733017378,53.23854660347551,0.07890887927824278,-0.1064473273161673,False
SHIB,⭐ (4 s sonucu),↑,318,58.80503144654088,59.74842767295597,57.861635220125784,0.19614001631500358,0.333379015873014,True
SHIB,⭐ (4 s sonucu),↓,158,50.0,53.16455696202531,46.835443037974684,0.0024568923091550583,-0.42207035542737337,False
SHIB,⭐ (8 s sonucu),↑,318,59.74842767295597,61.63522012578616,57.861635220125784,0.4227747896302698,0.2934208249790489,True
SHIB,⭐ (8 s sonucu),↓,158,56.32911392405063,62.0253164556962,50.63291139240506,0.19242634657150404,-0.37923062778447575,False
SUI,1 s Güçlü,↑,1553,52.672247263361236,53.09278350515464,52.25225225225225,-0.026901211691101653,-0.05456665536059003,False
SUI,1 s Güçlü,↓,1901,53.70857443450815,53.89473684210526,53.52260778128286,-0.03438955812169349,-0.041668004355569006,False
SUI,1 s Çok güçlü,↑,1143,56.16797900262467,57.4430823117338,54.89510489510489,0.07041388674438034,0.03437655790121698,False
SUI,1 s Çok güçlü,↓,690,54.05797101449276,53.62318840579711,54.492753623188406,-0.04505640261693372,-0.02344767145970688,False
SUI,24 s Çok güçlü,↑,140,52.85714285714286,64.28571428571429,41.42857142857143,1.2554382386007563,0.6796448697781668,False
SUI,24 s Çok güçlü,↓,114,48.24561403508772,47.368421052631575,49.122807017543856,-0.6656369218269776,-0.1228655335456756,False
SUI,4 s Güçlü,↑,888,51.01351351351351,53.37837837837838,48.64864864864865,-0.017112815264825915,0.015657461517564957,False
SUI,4 s Güçlü,↓,977,52.610030706243606,52.66393442622951,52.556237218813905,-0.09017870704448784,-0.04149047219011475,False
SUI,4 s Çok güçlü,↑,585,57.43589743589743,60.273972602739725,54.60750853242321,0.27768986824597536,0.21210131116049769,False
SUI,4 s Çok güçlü,↓,308,51.94805194805194,50.649350649350644,53.246753246753244,-0.2690554139080777,-0.4003177649255558,False
SUI,8 s Güçlü,↑,555,51.53153153153153,51.985559566786996,51.07913669064749,0.14570147477931408,0.016610262549147572,False
SUI,8 s Güçlü,↓,594,50.16835016835017,47.474747474747474,52.861952861952865,-0.13745376494446224,-0.15054842620905623,False
SUI,8 s Çok güçlü,↑,328,51.829268292682926,56.70731707317073,46.95121951219512,0.430074124181294,0.25084152674672966,False
SUI,8 s Çok güçlü,↓,190,53.68421052631579,55.78947368421052,51.578947368421055,-0.059167099430628964,-0.19250214177504785,False
SUI,A sınıfı (4 s),↑,865,54.68208092485549,57.17592592592593,52.19399538106235,0.07721925304869788,0.047209061970896346,False
SUI,A sınıfı (4 s),↓,801,54.05742821473159,50.74999999999999,57.356608478803,-0.08609745972491407,0.014292329177543724,False
SUI,⭐ (4 s sonucu),↑,207,55.072463768115945,61.165048543689316,49.03846153846153,0.23046747022772554,0.33619135511153647,False
SUI,⭐ (4 s sonucu),↓,71,45.07042253521127,51.42857142857142,38.88888888888889,-0.5330691024140652,-0.888799931478569,False
SUI,⭐ (8 s sonucu),↑,207,57.00483091787439,63.10679611650486,50.96153846153846,0.7182607388946615,0.2973049997136179,False
SUI,⭐ (8 s sonucu),↓,71,45.07042253521127,45.714285714285715,44.44444444444444,-0.15835072839276954,-0.3945607677880156,False
