kapsam,aile,filtre,kotu_pay,secim,y2024,alt,y2026,tum24,iyi24,fark24,ok
tüm sinyaller,BTC 1 saat ↑,K1 coin 30 g ortalama altında,47.366977509599565,62 / 60 (951),57 / 58 (1727) · net -0.01 / -0.02,-2.9526927471593285,55 / 56 (505),57.432803071859574,57.32152162584679,-0.2349346567241426,False
tüm sinyaller,BTC 1 saat ↑,K2 BTC 30 g ortalama altında,47.366977509599565,62 / 60 (951),57 / 58 (1727) · net -0.01 / -0.02,-3.096995514330781,55 / 56 (505),57.432803071859574,57.32152162584679,-0.2349346567241426,False
tüm sinyaller,BTC 1 saat ↑,K3 son 24 s olağandışı yükselmiş (z ≥ 2),1.124520021941854,61 / 66 (64),57 / 59 (41) · net -0.02 / +0.09,-11.249071872185171,56 / 55 (11),57.432803071859574,57.42024965325936,-1.1163357125942923,False
tüm sinyaller,BTC 1 saat ↑,K4 son 24 s olağandışı düşmüş (z ≤ −2),4.9369171695008225,62 / 48 (125),57 / 65 (180) · net -0.02 / +0.06,-13.297163899833548,55 / 62 (50),57.432803071859574,57.039815349105595,-7.960184650894405,False
tüm sinyaller,BTC 1 saat ↑,"K5 oynaklık patlaması (≥ 1,5×)",8.612177729018102,62 / 58 (263),57 / 59 (314) · net -0.02 / +0.05,-5.681812222958332,56 / 54 (69),57.432803071859574,57.32292917166867,-1.2757969429810103,False
tüm sinyaller,BTC 1 saat ↑,K6 RSI ≥ 70,0.24684585847504115,61 / 71 (35),57 / 56 (9) · net -0.02 / +0.07,,56 / 50 (2),57.432803071859574,57.437448446521856,1.8818928909662986,False
tüm sinyaller,BTC 1 saat ↑,K7 RSI ≤ 30,16.264399341744376,62 / 55 (308),57 / 59 (593) · net -0.02 / -0.00,-4.29403446014849,55 / 57 (180),57.432803071859574,57.222404192597445,-1.293616043490239,False
tüm sinyaller,BTC 1 saat ↑,"K8 fonlama yüksek (z ≥ 1,5)",13.384530992868898,61 / 61 (184),57 / 62 (488) · net -0.02 / +0.02,-9.042464882842149,56 / 54 (169),57.432803071859574,56.77644078530716,-4.9038870835453,False
tüm sinyaller,BTC 1 saat ↑,K9 aynı saatte ≥ 4 coin sinyali,48.49149753154142,63 / 59 (800),56 / 59 (1768) · net -0.03 / -0.00,-5.372720085786253,54 / 58 (465),57.432803071859574,56.0702875399361,-2.809802957801452,False
tüm sinyaller,BTC 1 saat ↑,K10 hafta sonu,28.38727372462973,60 / 64 (579),56 / 60 (1035) · net -0.02 / -0.01,-6.409647003615198,56 / 56 (257),57.432803071859574,56.45346610494063,-3.4499155375714423,False
tüm sinyaller,BTC 1 saat ↑,K11 ABD seansı dışı,70.35106966538672,59 / 62 (1362),55 / 58 (2565) · net -0.03 / -0.01,-6.463606427769024,58 / 55 (714),57.432803071859574,54.94912118408881,-3.5304109796538796,False
tüm sinyaller,BTC 1 saat ↑,"K12 VIX dün sıçramış (z ≥ 1,5)",5.869445968184311,61 / 64 (114),57 / 62 (214) · net -0.02 / -0.01,-10.791676043120013,55 / 65 (40),57.432803071859574,57.16783216783217,-4.514410822822036,False
tüm sinyaller,BTC 1 saat ↑,K13 stabil coin talebi zayıf (z ≤ −1),16.730663741086122,61 / 67 (181),57 / 58 (610) · net -0.02 / +0.00,-4.840195173332253,56 / 54 (176),57.432803071859574,57.27931488801053,-0.9174064234648753,False
tüm sinyaller,BTC 1 saat ↑,"K14 Tether primi yüksek (z ≤ −1,5)",8.584750411409765,61 / 60 (169),57 / 58 (313) · net -0.02 / +0.00,-4.650440647760899,56 / 54 (107),57.432803071859574,57.365736573657365,-0.7812282825726697,False
tüm sinyaller,BTC 1 saat ↑,"K15 Tether iskontolu (z ≥ 1,5)",14.317059791552387,61 / 59 (113),57 / 57 (522) · net -0.01 / -0.02,-3.293954377306134,56 / 55 (150),57.432803071859574,57.42637644046095,-0.044887927355141244,False
tüm sinyaller,BTC 1 saat ↑,(plasebo: rastgele %27),,,,,,,,,0/15
tüm sinyaller,BTC 4/8 saat ↑ + ⭐ + A,K1 coin 30 g ortalama altında,47.58155230596176,59 / 58 (1341),60 / 55 (2538) · net +0.09 / -0.01,0.7777349779629256,57 / 53 (715),57.51781027371579,59.65665236051502,4.495107837268364,False
tüm sinyaller,BTC 4/8 saat ↑ + ⭐ + A,K2 BTC 30 g ortalama altında,47.58155230596176,59 / 58 (1341),60 / 55 (2538) · net +0.09 / -0.01,0.5664583198606078,57 / 53 (715),57.51781027371579,59.65665236051502,4.495107837268364,False
tüm sinyaller,BTC 4/8 saat ↑ + ⭐ + A,K3 son 24 s olağandışı yükselmiş (z ≥ 2),1.3310836145481815,58 / 64 (96),57 / 75 (71) · net +0.04 / +0.67,-25.8772002747712,54 / 80 (25),57.51781027371579,57.28671860155805,-17.361168722385614,False
tüm sinyaller,BTC 4/8 saat ↑ + ⭐ + A,K4 son 24 s olağandışı düşmüş (z ≤ −2),5.061867266591676,59 / 56 (151),57 / 60 (270) · net +0.03 / +0.24,-9.548833419972501,55 / 50 (56),57.51781027371579,57.40521327014218,-2.2244163594874564,False
tüm sinyaller,BTC 4/8 saat ↑ + ⭐ + A,"K5 oynaklık patlaması (≥ 1,5×)",10.929883764529434,58 / 60 (361),57 / 60 (583) · net +0.03 / +0.14,-9.0567448502503,54 / 67 (103),57.51781027371579,57.16691222900442,-3.2104462615616214,False
tüm sinyaller,BTC 4/8 saat ↑ + ⭐ + A,K6 RSI ≥ 70,0.7124109486314211,59 / 52 (61),57 / 76 (38) · net +0.04 / +0.73,-35.33324247595413,54 / 100 (10),57.51781027371579,57.38293051359516,-18.932858960089057,False
tüm sinyaller,BTC 4/8 saat ↑ + ⭐ + A,K7 RSI ≤ 30,11.717285339332584,59 / 56 (305),57 / 58 (625) · net +0.04 / +0.08,-4.822951963968672,55 / 53 (205),57.51781027371579,57.4644298152474,-0.45557018475260236,False
tüm sinyaller,BTC 4/8 saat ↑ + ⭐ + A,"K8 fonlama yüksek (z ≥ 1,5)",13.629546306711662,59 / 57 (323),57 / 61 (727) · net +0.03 / +0.15,-9.055429467660188,55 / 50 (203),57.51781027371579,56.978510961580206,-3.9568397949534955,False
tüm sinyaller,BTC 4/8 saat ↑ + ⭐ + A,K9 aynı saatte ≥ 4 coin sinyali,50.97487814023247,60 / 57 (1208),58 / 57 (2719) · net +0.04 / +0.05,-2.4993098836272254,52 / 57 (668),57.51781027371579,57.782026768642446,0.5183268789771276,False
tüm sinyaller,BTC 4/8 saat ↑ + ⭐ + A,K10 hafta sonu,32.28346456692913,58 / 60 (977),56 / 61 (1722) · net +0.05 / +0.03,-9.022153171786009,54 / 56 (404),57.51781027371579,56.007751937984494,-4.67749777165546,False
tüm sinyaller,BTC 4/8 saat ↑ + ⭐ + A,K11 ABD seansı dışı,69.3663292088489,57 / 60 (1953),58 / 57 (3700) · net +0.06 / +0.04,-3.8501514095206497,60 / 52 (1008),57.51781027371579,57.58873929008568,0.10225280359919253,False
tüm sinyaller,BTC 4/8 saat ↑ + ⭐ + A,"K12 VIX dün sıçramış (z ≥ 1,5)",6.4866891638545185,58 / 67 (179),57 / 60 (346) · net +0.04 / +0.18,-8.488398555683604,54 / 74 (46),57.51781027371579,57.37770649558942,-2.1598657587458376,False
tüm sinyaller,BTC 4/8 saat ↑ + ⭐ + A,K13 stabil coin talebi zayıf (z ≤ −1),16.497937757780278,58 / 62 (228),58 / 53 (880) · net +0.06 / -0.04,-0.9353109032467749,56 / 45 (224),57.51781027371579,58.32959137853615,4.920500469445244,False
tüm sinyaller,BTC 4/8 saat ↑ + ⭐ + A,"K14 Tether primi yüksek (z ≤ −1,5)",8.43644544431946,59 / 55 (251),57 / 62 (450) · net +0.03 / +0.22,-9.767615713886377,54 / 55 (155),57.51781027371579,57.14578214578214,-4.409773409773408,False
tüm sinyaller,BTC 4/8 saat ↑ + ⭐ + A,"K15 Tether iskontolu (z ≥ 1,5)",15.804274465691789,58 / 64 (154),59 / 52 (843) · net +0.06 / -0.03,0.8054770394171451,56 / 46 (232),57.51781027371579,58.583834335337336,6.745162923712186,False
tüm sinyaller,BTC 4/8 saat ↑ + ⭐ + A,(plasebo: rastgele %27),,,,,,,,,0/15
tüm sinyaller,coin tek başına,K1 coin 30 g ortalama altında,42.57713953037066,62 / 57 (843),59 / 57 (2194) · net +0.16 / +0.01,-1.6777653896310618,55 / 58 (665),58.29613817193867,58.938830686042586,1.5094779057326448,False
tüm sinyaller,coin tek başına,K2 BTC 30 g ortalama altında,46.089656510770425,63 / 57 (1264),60 / 57 (2375) · net +0.12 / +0.06,-0.7943803423088702,56 / 57 (646),58.29613817193867,59.50323974082073,2.619029214504941,False
tüm sinyaller,coin tek başına,K3 son 24 s olağandışı yükselmiş (z ≥ 2),0.6209974771977489,60 / 61 (49),58 / 75 (32) · net +0.09 / +0.99,-28.05809535883063,56 / 67 (6),58.29613817193867,58.19175942198789,-16.80824057801211,False
tüm sinyaller,coin tek başına,K4 son 24 s olağandışı düşmüş (z ≤ −2),9.4896176984281,61 / 58 (189),58 / 58 (489) · net +0.09 / +0.12,-3.6151819650837806,57 / 53 (160),58.29613817193867,58.36192109777015,0.6932094413284347,False
tüm sinyaller,coin tek başına,"K5 oynaklık patlaması (≥ 1,5×)",12.051232291868814,60 / 62 (397),58 / 59 (621) · net +0.06 / +0.34,-5.071533889302872,56 / 56 (199),58.29613817193867,58.23036187113857,-0.5458056006810708,False
tüm sinyaller,coin tek başına,K6 RSI ≥ 70,0.3687172520861634,60 / 65 (23),58 / 58 (19) · net +0.09 / +0.08,,56 / 50 (6),58.29613817193867,58.29762368523569,0.40288684313042467,False
tüm sinyaller,coin tek başına,K7 RSI ≤ 30,17.019212109450805,61 / 58 (330),59 / 57 (877) · net +0.11 / -0.01,-2.2850886448963776,56 / 58 (292),58.29613817193867,58.58278765201123,1.6842699781229697,False
tüm sinyaller,coin tek başına,"K8 fonlama yüksek (z ≥ 1,5)",14.438191344847661,60 / 65 (299),58 / 62 (744) · net +0.04 / +0.39,-8.052399646243998,56 / 59 (225),58.29613817193867,57.745520526196415,-3.8136192587498243,False
tüm sinyaller,coin tek başına,K9 aynı saatte ≥ 4 coin sinyali,77.43062293809432,59 / 62 (1819),54 / 59 (3990) · net -0.01 / +0.12,-8.27421395279501,54 / 57 (1016),58.29613817193867,54.342218400687884,-5.106403153196823,False
tüm sinyaller,coin tek başına,K10 hafta sonu,25.16980399767126,61 / 59 (769),59 / 57 (1297) · net +0.13 / -0.01,-1.7714733982280995,57 / 53 (335),58.29613817193867,58.89522821576764,2.3801935203166025,False
tüm sinyaller,coin tek başına,K11 ABD seansı dışı,65.34057830390064,59 / 61 (1883),59 / 58 (3367) · net +0.11 / +0.08,-2.1154743591664777,62 / 53 (887),58.29613817193867,59.40649496080626,1.699337253648558,False
tüm sinyaller,coin tek başına,"K12 VIX dün sıçramış (z ≥ 1,5)",9.353774500291093,60 / 61 (200),58 / 59 (482) · net +0.09 / +0.12,-7.821225472456507,55 / 71 (69),58.29613817193867,58.253050738599875,-0.46064220745822126,False
tüm sinyaller,coin tek başına,K13 stabil coin talebi zayıf (z ≤ −1),18.47467494663303,60 / 62 (233),59 / 55 (952) · net +0.11 / +0.02,-0.6805505212678992,58 / 49 (283),58.29613817193867,58.93834801237801,3.4761631384284257,False
tüm sinyaller,coin tek başına,"K14 Tether primi yüksek (z ≤ −1,5)",9.179118959829227,61 / 55 (256),58 / 62 (473) · net +0.06 / +0.39,-10.17084533573249,56 / 55 (137),58.29613817193867,57.90598290598291,-4.250465296976927,False
tüm sinyaller,coin tek başına,"K15 Tether iskontolu (z ≥ 1,5)",15.6413739569183,61 / 52 (169),58 / 57 (806) · net +0.11 / -0.01,-3.5763084870221094,57 / 53 (211),58.29613817193867,58.477110651023686,1.1570113954405628,False
tüm sinyaller,coin tek başına,(plasebo: rastgele %27),,,,,,,,,0/15
tüm sinyaller,coin 🔇 sessiz,K1 coin 30 g ortalama altında,56.20578778135048,60 / 60 (334),63 / 59 (874) · net +0.39 / +0.13,-1.0613410885166417,60 / 51 (223),60.578778135048225,62.84875183553598,4.038683185650399,False
tüm sinyaller,coin 🔇 sessiz,K2 BTC 30 g ortalama altında,49.45337620578778,60 / 60 (360),62 / 60 (769) · net +0.34 / +0.14,-3.6314215465501953,55 / 54 (196),60.578778135048225,61.57760814249363,2.0197407822855666,False
tüm sinyaller,coin 🔇 sessiz,K3 son 24 s olağandışı yükselmiş (z ≥ 2),1.157556270096463,60 / 58 (19),60 / 78 (18) · net +0.24 / +0.68,,54 / 33 (3),60.578778135048225,60.37735849056604,-17.400419287211747,False
tüm sinyaller,coin 🔇 sessiz,K4 son 24 s olağandışı düşmüş (z ≤ −2),22.636655948553056,59 / 64 (129),60 / 62 (352) · net +0.23 / +0.29,-8.17994627487693,54 / 55 (100),60.578778135048225,60.0166251039069,-2.4833748960931032,False
tüm sinyaller,coin 🔇 sessiz,"K5 oynaklık patlaması (≥ 1,5×)",25.337620578778136,60 / 59 (225),60 / 62 (394) · net +0.11 / +0.62,-9.088835741032574,54 / 54 (94),60.578778135048225,59.9483204134367,-2.4882278099135533,False
tüm sinyaller,coin 🔇 sessiz,K6 RSI ≥ 70,0.707395498392283,60 / 78 (9),61 / 55 (11) · net +0.24 / +0.39,,54 / 50 (4),60.578778135048225,60.62176165803109,6.076307112576551,False
tüm sinyaller,coin 🔇 sessiz,K7 RSI ≤ 30,27.84565916398714,59 / 62 (174),62 / 58 (433) · net +0.25 / +0.21,-2.608394809375315,55 / 53 (126),60.578778135048225,61.58645276292335,3.6187853264337377,False
tüm sinyaller,coin 🔇 sessiz,"K8 fonlama yüksek (z ≥ 1,5)",14.019292604501606,59 / 66 (116),58 / 75 (218) · net +0.10 / +1.11,-22.923639851107257,54 / 57 (28),60.578778135048225,58.189977561705305,-17.039380236459834,False
tüm sinyaller,coin 🔇 sessiz,K9 aynı saatte ≥ 4 coin sinyali,81.60771704180064,58 / 62 (490),59 / 61 (1269) · net +0.11 / +0.27,-8.230806303233278,57 / 54 (284),60.578778135048225,58.74125874125874,-2.2516490601597,False
tüm sinyaller,coin 🔇 sessiz,K10 hafta sonu,21.80064308681672,60 / 59 (199),62 / 55 (339) · net +0.38 / -0.24,-0.07397823620450622,55 / 52 (69),60.578778135048225,62.17105263157895,7.303795994410812,False
tüm sinyaller,coin 🔇 sessiz,K11 ABD seansı dışı,69.51768488745981,57 / 61 (598),61 / 61 (1081) · net +0.44 / +0.15,-5.799211268265038,54 / 54 (237),60.578778135048225,60.54852320675106,-0.04352119657919218,False
tüm sinyaller,coin 🔇 sessiz,"K12 VIX dün sıçramış (z ≥ 1,5)",14.14790996784566,60 / 61 (57),61 / 60 (220) · net +0.22 / +0.37,-8.395259840703474,52 / 72 (29),60.578778135048225,60.59925093632958,0.14470548178412912,False
tüm sinyaller,coin 🔇 sessiz,K13 stabil coin talebi zayıf (z ≤ −1),22.572347266881028,59 / 67 (79),61 / 60 (351) · net +0.26 / +0.17,-5.455838304345687,58 / 46 (123),60.578778135048225,60.797342192691026,0.9682823636311966,False
tüm sinyaller,coin 🔇 sessiz,"K14 Tether primi yüksek (z ≤ −1,5)",10.353697749196142,61 / 49 (47),60 / 66 (161) · net +0.20 / +0.60,-18.33059571463031,54 / 57 (28),60.578778135048225,59.9713055954089,-5.867203721361285,False
tüm sinyaller,coin 🔇 sessiz,"K15 Tether iskontolu (z ≥ 1,5)",12.990353697749196,61 / 51 (59),61 / 59 (202) · net +0.28 / -0.01,-7.780663378756882,57 / 29 (38),60.578778135048225,60.75388026607539,1.3479396720159897,False
tüm sinyaller,coin 🔇 sessiz,(plasebo: rastgele %27),,,,,,,,,0/15
tüm sinyaller,coin 🤝 ortak,K1 coin 30 g ortalama altında,53.36209996404171,60 / 55 (917),62 / 61 (2968) · net +0.28 / +0.12,-3.2402805948094398,63 / 64 (739),61.30888169723121,61.989205859676176,1.2749201453904675,False
tüm sinyaller,coin 🤝 ortak,K2 BTC 30 g ortalama altında,44.534340165408125,61 / 53 (842),63 / 59 (2477) · net +0.25 / +0.14,-2.687556144360995,66 / 61 (654),61.30888169723121,62.82009724473257,3.39337136665425,False
tüm sinyaller,coin 🤝 ortak,K3 son 24 s olağandışı yükselmiş (z ≥ 2),0.6472491909385114,58 / 70 (33),61 / 67 (36) · net +0.20 / +0.60,-17.705936229913757,63 / 82 (17),61.30888169723121,61.27397756062252,-5.392689106044138,False
tüm sinyaller,coin 🤝 ortak,K4 son 24 s olağandışı düşmüş (z ≤ −2),9.564904710535778,58 / 58 (228),61 / 65 (532) · net +0.17 / +0.43,-12.700511090867325,62 / 71 (126),61.30888169723121,60.954274353876734,-3.7073797814616043,False
tüm sinyaller,coin 🤝 ortak,"K5 oynaklık patlaması (≥ 1,5×)",13.088816972312117,59 / 55 (471),60 / 69 (728) · net +0.12 / +0.69,-15.265970546277133,60 / 79 (223),61.30888169723121,60.21928009929665,-8.324675944659397,False
tüm sinyaller,coin 🤝 ortak,K6 RSI ≥ 70,0.12585400934915497,58 / 11 (9),61 / 100 (7) · net +0.19 / +5.53,,63 / 100 (2),61.30888169723121,61.260126012601255,-38.739873987398745,False
tüm sinyaller,coin 🤝 ortak,K7 RSI ≤ 30,21.395181589356348,59 / 55 (363),62 / 58 (1190) · net +0.31 / -0.20,-1.1104324182808782,63 / 64 (352),61.30888169723121,62.25983531564502,4.444709265224844,False
tüm sinyaller,coin 🤝 ortak,"K8 fonlama yüksek (z ≥ 1,5)",14.113628191298094,57 / 65 (272),61 / 65 (785) · net +0.13 / +0.64,-9.483735173766952,63 / 65 (253),61.30888169723121,60.70755704416998,-4.260595822072055,False
tüm sinyaller,coin 🤝 ortak,K9 aynı saatte ≥ 4 coin sinyali,92.88025889967638,57 / 59 (2134),57 / 62 (5166) · net +0.15 / +0.20,-11.584871927747667,49 / 65 (1271),61.30888169723121,56.56565656565656,-5.106817301939266,False
tüm sinyaller,coin 🤝 ortak,K10 hafta sonu,29.180151024811217,58 / 60 (779),62 / 61 (1623) · net +0.23 / +0.13,-6.791961874126089,65 / 60 (432),61.30888169723121,61.589235846661595,0.9607700425950512,False
tüm sinyaller,coin 🤝 ortak,K11 ABD seansı dışı,61.41675656238763,55 / 61 (1404),63 / 60 (3416) · net +0.16 / +0.22,-3.644657396157438,74 / 59 (1010),61.30888169723121,62.81453867660765,2.451541018528026,False
tüm sinyaller,coin 🤝 ortak,"K12 VIX dün sıçramış (z ≥ 1,5)",7.713052858683926,57 / 77 (118),62 / 58 (429) · net +0.22 / -0.07,-6.075046200538441,63 / 85 (39),61.30888169723121,61.5819209039548,3.539962861996763,False
tüm sinyaller,coin 🤝 ortak,K13 stabil coin talebi zayıf (z ≤ −1),17.331895001797914,58 / 63 (109),62 / 59 (964) · net +0.16 / +0.39,-5.475348978312146,64 / 60 (272),61.30888169723121,61.80948238364506,2.8883205579189166,False
tüm sinyaller,coin 🤝 ortak,"K14 Tether primi yüksek (z ≤ −1,5)",10.355987055016183,59 / 55 (315),61 / 61 (576) · net +0.18 / +0.37,-8.003013607200495,63 / 64 (245),61.30888169723121,61.39189731247493,0.8016195346971529,False
tüm sinyaller,coin 🤝 ortak,"K15 Tether iskontolu (z ≥ 1,5)",19.866954332973748,58 / 61 (114),62 / 60 (1105) · net +0.25 / -0.00,-5.460232148756834,64 / 62 (276),61.30888169723121,61.52120260264752,1.0687139148647162,False
tüm sinyaller,coin 🤝 ortak,(plasebo: rastgele %27),,,,,,,,,0/15
tüm sinyaller,🧪 24 saat,K1 coin 30 g ortalama altında,57.95239894219871,57 / 55 (445),54 / 55 (1534) · net +0.71 / +0.37,-5.212420716913176,49 / 51 (406),54.627880619569325,53.99820305480682,-1.0865427079050392,False
tüm sinyaller,🧪 24 saat,K2 BTC 30 g ortalama altında,49.18775972799396,60 / 51 (427),53 / 56 (1302) · net +0.54 / +0.48,-8.137668387503924,50 / 51 (344),54.627880619569325,53.30855018587361,-2.6822332242646354,False
tüm sinyaller,🧪 24 saat,K3 son 24 s olağandışı yükselmiş (z ≥ 2),2.682281828485077,56 / 62 (34),55 / 49 (71) · net +0.46 / +2.34,-5.185202427746573,50 / 51 (35),54.627880619569325,54.774844720496894,5.4790700726095665,False
tüm sinyaller,🧪 24 saat,K4 son 24 s olağandışı düşmüş (z ≤ −2),9.104646769928221,55 / 70 (70),54 / 65 (241) · net +0.43 / +1.36,-20.783865505760406,50 / 51 (68),54.627880619569325,53.61596009975062,-11.11433035668091,False
tüm sinyaller,🧪 24 saat,"K5 oynaklık patlaması (≥ 1,5×)",16.887041934265206,55 / 61 (185),54 / 59 (447) · net +0.38 / +1.18,-12.42348623043907,52 / 45 (147),54.627880619569325,53.77272727272727,-5.06396176530405,False
tüm sinyaller,🧪 24 saat,K6 RSI ≥ 70,3.551190026445032,57 / 49 (45),55 / 50 (94) · net +0.46 / +2.03,-5.460481206452337,50 / 51 (55),54.627880619569325,54.79827653740698,4.798276537406977,False
tüm sinyaller,🧪 24 saat,K7 RSI ≤ 30,22.81828485077446,56 / 58 (208),54 / 56 (604) · net +0.58 / +0.27,-6.939993899237723,49 / 57 (134),54.627880619569325,54.18502202643172,-1.9408057881378227,False
tüm sinyaller,🧪 24 saat,"K8 fonlama yüksek (z ≥ 1,5)",11.031356252361164,56 / 62 (101),54 / 60 (292) · net +0.36 / +1.76,-12.622638205317264,51 / 46 (78),54.627880619569325,53.97027600849257,-5.961230840822495,False
tüm sinyaller,🧪 24 saat,K9 aynı saatte ≥ 4 coin sinyali,63.354741216471474,53 / 59 (588),51 / 57 (1677) · net +0.30 / +0.63,-10.252274438486944,51 / 50 (366),54.627880619569325,51.03092783505154,-5.677480036147031,False
tüm sinyaller,🧪 24 saat,K10 hafta sonu,24.027200604457878,57 / 55 (244),55 / 55 (636) · net +0.60 / +0.23,-8.177715874298576,51 / 48 (185),54.627880619569325,54.54997513674789,-0.32423869973010255,False
tüm sinyaller,🧪 24 saat,K11 ABD seansı dışı,67.20816018133736,56 / 57 (752),54 / 55 (1779) · net +0.42 / +0.55,-5.382598408725906,53 / 49 (478),54.627880619569325,54.03225806451613,-0.8862354711780824,False
tüm sinyaller,🧪 24 saat,"K12 VIX dün sıçramış (z ≥ 1,5)",8.19795995466566,56 / 66 (56),54 / 62 (217) · net +0.51 / +0.50,-21.87098006938281,49 / 72 (40),54.627880619569325,53.95061728395062,-8.26136428286965,False
tüm sinyaller,🧪 24 saat,K13 stabil coin talebi zayıf (z ≤ −1),21.79826218360408,57 / 51 (87),56 / 48 (577) · net +0.72 / -0.23,0.5407367037929922,55 / 40 (204),54.627880619569325,56.473429951690825,8.466497542678695,True
tüm sinyaller,🧪 24 saat,"K14 Tether primi yüksek (z ≤ −1,5)",8.915753683415186,57 / 52 (82),54 / 60 (236) · net +0.36 / +2.04,-16.00680866520216,52 / 41 (81),54.627880619569325,54.126918291165495,-5.618844420698906,False
tüm sinyaller,🧪 24 saat,"K15 Tether iskontolu (z ≥ 1,5)",17.491499811106912,56 / 55 (66),55 / 53 (463) · net +0.61 / +0.07,-7.353781867502646,49 / 59 (119),54.627880619569325,54.990842490842496,2.07507575218159,False
tüm sinyaller,🧪 24 saat,(plasebo: rastgele %27),,,,,,,,,1/15
yalnız ⛔ olmayanlar (prime ek),BTC 1 saat ↑,K1 coin 30 g ortalama altında,39.93301079270562,63 / 62 (690),57 / 58 (1073) · net -0.01 / -0.01,-4.740261653846927,56 / 58 (301),57.68515072571642,57.18711276332095,-1.2471836020099047,False
yalnız ⛔ olmayanlar (prime ek),BTC 1 saat ↑,K2 BTC 30 g ortalama altında,39.93301079270562,63 / 62 (690),57 / 58 (1073) · net -0.01 / -0.01,-4.461846709968764,56 / 58 (301),57.68515072571642,57.18711276332095,-1.2471836020099047,False
yalnız ⛔ olmayanlar (prime ek),BTC 1 saat ↑,K3 son 24 s olağandışı yükselmiş (z ≥ 2),1.48864905098623,63 / 62 (58),58 / 57 (40) · net -0.01 / +0.08,-9.759376107773674,57 / 55 (11),57.68515072571642,57.687948621080466,0.18794862108047283,False
yalnız ⛔ olmayanlar (prime ek),BTC 1 saat ↑,K4 son 24 s olağandışı düşmüş (z ≤ −2),2.791216970599181,63 / 60 (67),57 / 75 (75) · net -0.02 / +0.24,-26.192118400488255,56 / 76 (17),57.68515072571642,57.19754977029097,-17.469116896375702,False
yalnız ⛔ olmayanlar (prime ek),BTC 1 saat ↑,"K5 oynaklık patlaması (≥ 1,5×)",8.22478600669892,63 / 62 (207),57 / 61 (221) · net -0.02 / +0.08,-8.298991342948838,57 / 58 (45),57.68515072571642,57.380373073803725,-3.7055997768750117,False
yalnız ⛔ olmayanlar (prime ek),BTC 1 saat ↑,K6 RSI ≥ 70,0.33494603647190174,62 / 70 (33),58 / 56 (9) · net -0.01 / +0.07,,57 / 50 (2),57.68515072571642,57.692307692307686,2.136752136752129,False
yalnız ⛔ olmayanlar (prime ek),BTC 1 saat ↑,K7 RSI ≤ 30,12.095273539263118,63 / 60 (220),58 / 59 (325) · net -0.01 / +0.00,-6.1921675566183945,56 / 62 (90),57.68515072571642,57.53598645215918,-1.2332443170715948,False
yalnız ⛔ olmayanlar (prime ek),BTC 1 saat ↑,"K8 fonlama yüksek (z ≥ 1,5)",12.281354670636398,62 / 65 (157),57 / 64 (330) · net -0.02 / +0.05,-11.417025887220516,56 / 60 (70),57.68515072571642,56.767076792532876,-7.475347449891373,False
yalnız ⛔ olmayanlar (prime ek),BTC 1 saat ↑,K9 aynı saatte ≥ 4 coin sinyali,45.36657982880536,64 / 61 (654),56 / 59 (1219) · net -0.02 / +0.00,-5.771865312505431,56 / 58 (321),57.68515072571642,56.47138964577657,-2.675452027726301,False
yalnız ⛔ olmayanlar (prime ek),BTC 1 saat ↑,K10 hafta sonu,31.819873464830668,61 / 65 (529),56 / 61 (855) · net -0.01 / -0.01,-7.935599697250023,57 / 56 (196),57.68515072571642,56.222707423580786,-4.596006026711606,False
yalnız ⛔ olmayanlar (prime ek),BTC 1 saat ↑,K11 ABD seansı dışı,73.35318198734649,62 / 63 (1183),54 / 59 (1971) · net -0.02 / -0.01,-8.25137703091305,61 / 55 (518),57.68515072571642,54.18994413407822,-4.764901122136898,False
yalnız ⛔ olmayanlar (prime ek),BTC 1 saat ↑,"K12 VIX dün sıçramış (z ≥ 1,5)",4.614812058057313,62 / 65 (96),57 / 65 (124) · net -0.01 / -0.01,-14.65167190016948,57 / 60 (35),57.68515072571642,57.3156457276629,-8.006934917498384,False
yalnız ⛔ olmayanlar (prime ek),BTC 1 saat ↑,K13 stabil coin talebi zayıf (z ≤ −1),10.643840714551544,62 / 67 (152),57 / 65 (286) · net -0.02 / +0.08,-12.792819434245846,56 / 67 (57),57.68515072571642,56.85131195335277,-7.834002731961924,False
yalnız ⛔ olmayanlar (prime ek),BTC 1 saat ↑,"K14 Tether primi yüksek (z ≤ −1,5)",11.64867882396725,63 / 60 (169),58 / 58 (313) · net -0.01 / +0.00,-3.852256876777895,57 / 54 (107),57.68515072571642,57.62426284751474,-0.5227020087152923,False
yalnız ⛔ olmayanlar (prime ek),BTC 1 saat ↑,"K15 Tether iskontolu (z ≥ 1,5)",0.29772981019724604,62 / 79 (14),58 / 75 (8) · net -0.01 / +0.02,,57 / 100 (1),57.68515072571642,57.633445315416196,-17.366554684583804,False
yalnız ⛔ olmayanlar (prime ek),BTC 1 saat ↑,(plasebo: rastgele %27),,,,,,,,,0/15
yalnız ⛔ olmayanlar (prime ek),BTC 4/8 saat ↑ + ⭐ + A,K1 coin 30 g ortalama altında,39.58602846054334,59 / 58 (968),60 / 57 (1530) · net +0.11 / +0.06,-0.4852884921227703,56 / 58 (422),59.01681759379043,60.38543897216274,3.457334396999343,False
yalnız ⛔ olmayanlar (prime ek),BTC 4/8 saat ↑ + ⭐ + A,K2 BTC 30 g ortalama altında,39.58602846054334,59 / 58 (968),60 / 57 (1530) · net +0.11 / +0.06,-0.4153456880588529,56 / 58 (422),59.01681759379043,60.38543897216274,3.457334396999343,False
yalnız ⛔ olmayanlar (prime ek),BTC 4/8 saat ↑ + ⭐ + A,K3 son 24 s olağandışı yükselmiş (z ≥ 2),1.7335058214747738,58 / 64 (87),59 / 73 (67) · net +0.08 / +0.65,-24.302895950365855,56 / 80 (25),59.01681759379043,58.767772511848335,-14.366555846360626,False
yalnız ⛔ olmayanlar (prime ek),BTC 4/8 saat ↑ + ⭐ + A,K4 son 24 s olağandışı düşmüş (z ≤ −2),3.1824062095730916,59 / 52 (77),59 / 60 (123) · net +0.08 / +0.60,-12.205364124521557,57 / 63 (27),59.01681759379043,58.979155531801176,-1.1834460942150926,False
yalnız ⛔ olmayanlar (prime ek),BTC 4/8 saat ↑ + ⭐ + A,"K5 oynaklık patlaması (≥ 1,5×)",10.789133247089262,58 / 62 (274),59 / 63 (417) · net +0.07 / +0.30,-9.6339039210337,56 / 66 (68),59.01681759379043,58.584686774942,-4.005241282611955,False
yalnız ⛔ olmayanlar (prime ek),BTC 4/8 saat ↑ + ⭐ + A,K6 RSI ≥ 70,0.9314359637774904,59 / 54 (54),59 / 78 (36) · net +0.09 / +0.78,-34.20035975263916,56 / 100 (10),59.01681759379043,58.84042831026378,-18.937349467514004,False
yalnız ⛔ olmayanlar (prime ek),BTC 4/8 saat ↑ + ⭐ + A,K7 RSI ≤ 30,8.796895213454075,59 / 54 (219),59 / 60 (340) · net +0.08 / +0.20,-7.138052876938849,56 / 67 (110),59.01681759379043,58.92198581560284,-1.078014184397162,False
yalnız ⛔ olmayanlar (prime ek),BTC 4/8 saat ↑ + ⭐ + A,"K8 fonlama yüksek (z ≥ 1,5)",13.661060802069859,58 / 60 (281),58 / 63 (528) · net +0.08 / +0.19,-9.546396958486067,57 / 53 (94),59.01681759379043,58.345819598441715,-4.911756159134043,False
yalnız ⛔ olmayanlar (prime ek),BTC 4/8 saat ↑ + ⭐ + A,K9 aynı saatte ≥ 4 coin sinyali,48.48641655886158,60 / 57 (996),59 / 59 (1874) · net +0.07 / +0.11,-3.6841915836103993,55 / 60 (452),59.01681759379043,59.11602209944752,0.20460267575488444,False
yalnız ⛔ olmayanlar (prime ek),BTC 4/8 saat ↑ + ⭐ + A,K10 hafta sonu,36.76584734799482,58 / 59 (898),57 / 63 (1421) · net +0.11 / +0.07,-11.008594418925753,55 / 60 (300),59.01681759379043,56.75122749590835,-6.162213742656043,False
yalnız ⛔ olmayanlar (prime ek),BTC 4/8 saat ↑ + ⭐ + A,K11 ABD seansı dışı,72.98835705045278,58 / 59 (1692),59 / 59 (2821) · net +0.17 / +0.06,-4.0672938612933685,65 / 54 (719),59.01681759379043,59.38697318007663,0.507143332504846,False
yalnız ⛔ olmayanlar (prime ek),BTC 4/8 saat ↑ + ⭐ + A,"K12 VIX dün sıçramış (z ≥ 1,5)",4.8900388098318235,58 / 64 (143),59 / 66 (189) · net +0.08 / +0.41,-15.378204637004686,56 / 74 (34),59.01681759379043,58.67791077257889,-6.930554835886717,False
yalnız ⛔ olmayanlar (prime ek),BTC 4/8 saat ↑ + ⭐ + A,K13 stabil coin talebi zayıf (z ≤ −1),9.547218628719275,58 / 61 (197),59 / 63 (369) · net +0.07 / +0.28,-10.504929934297014,57 / 60 (68),59.01681759379043,58.60983981693364,-4.262788909353617,False
yalnız ⛔ olmayanlar (prime ek),BTC 4/8 saat ↑ + ⭐ + A,"K14 Tether primi yüksek (z ≤ −1,5)",11.642949547218628,59 / 55 (251),59 / 62 (450) · net +0.07 / +0.22,-8.058345887850196,57 / 55 (155),59.01681759379043,58.682284040995604,-2.8732715145599457,False
yalnız ⛔ olmayanlar (prime ek),BTC 4/8 saat ↑ + ⭐ + A,"K15 Tether iskontolu (z ≥ 1,5)",0.31047865459249674,58 / 57 (7),59 / 67 (12) · net +0.09 / -0.22,,57 / 83 (6),59.01681759379043,58.99299247339735,-7.673674193269306,False
yalnız ⛔ olmayanlar (prime ek),BTC 4/8 saat ↑ + ⭐ + A,(plasebo: rastgele %27),,,,,,,,,0/15
yalnız ⛔ olmayanlar (prime ek),coin tek başına,K1 coin 30 g ortalama altında,52.12953185498064,62 / 59 (662),59 / 58 (1481) · net +0.23 / +0.04,-3.2293781262009165,55 / 62 (445),58.78211897219289,59.26470588235294,0.9257457203002772,False
yalnız ⛔ olmayanlar (prime ek),coin tek başına,K2 BTC 30 g ortalama altında,41.88665962689194,63 / 57 (574),59 / 59 (1190) · net +0.14 / +0.11,-3.6797594838108942,56 / 62 (408),58.78211897219289,58.87341005451242,0.2179478696384649,False
yalnız ⛔ olmayanlar (prime ek),coin tek başına,K3 son 24 s olağandışı yükselmiş (z ≥ 2),0.9151707145371348,61 / 64 (47),59 / 73 (26) · net +0.13 / +0.75,-26.792450509481963,58 / 67 (6),58.78211897219289,58.65008880994671,-14.426834266976357,False
yalnız ⛔ olmayanlar (prime ek),coin tek başına,K4 son 24 s olağandışı düşmüş (z ≤ −2),11.932418162618797,61 / 63 (139),59 / 59 (339) · net +0.13 / +0.14,-5.858475019816071,58 / 59 (108),58.78211897219289,58.713029576338926,-0.5790058218911653,False
yalnız ⛔ olmayanlar (prime ek),coin tek başına,"K5 oynaklık patlaması (≥ 1,5×)",17.705033438929956,61 / 62 (306),59 / 59 (503) · net +0.09 / +0.33,-5.837145614011013,59 / 55 (150),58.78211897219289,58.72540633019675,-0.3203193159265112,False
yalnız ⛔ olmayanlar (prime ek),coin tek başına,K6 RSI ≥ 70,0.4927842309046111,61 / 65 (23),59 / 50 (14) · net +0.13 / -0.02,,58 / 50 (6),58.78211897219289,58.82561018747789,8.825610187477892,False
yalnız ⛔ olmayanlar (prime ek),coin tek başına,K7 RSI ≤ 30,20.274551214361143,61 / 60 (254),59 / 57 (576) · net +0.18 / -0.07,-2.5366509320628947,58 / 61 (197),58.78211897219289,59.16114790286976,1.869481236203093,False
yalnız ⛔ olmayanlar (prime ek),coin tek başına,"K8 fonlama yüksek (z ≥ 1,5)",16.402675114396338,60 / 65 (180),58 / 64 (466) · net +0.06 / +0.47,-10.697502242752064,58 / 61 (166),58.78211897219289,57.81052631578948,-5.923379263609661,False
yalnız ⛔ olmayanlar (prime ek),coin tek başına,K9 aynı saatte ≥ 4 coin sinyali,79.97184090109116,57 / 63 (990),55 / 60 (2272) · net +0.04 / +0.16,-9.174936706826406,56 / 59 (764),58.78211897219289,55.18453427065027,-4.498564320899028,False
yalnız ⛔ olmayanlar (prime ek),coin tek başına,K10 hafta sonu,26.504751847940867,62 / 58 (444),59 / 59 (753) · net +0.17 / +0.02,-6.299801829503533,60 / 54 (268),58.78211897219289,58.52490421455939,-0.9704477110714222,False
yalnız ⛔ olmayanlar (prime ek),coin tek başına,K11 ABD seansı dışı,65.04751847940867,60 / 61 (983),60 / 58 (1848) · net +0.17 / +0.11,-2.696197357492134,65 / 55 (667),58.78211897219289,60.22155085599194,2.212892847333933,False
yalnız ⛔ olmayanlar (prime ek),coin tek başına,"K12 VIX dün sıçramış (z ≥ 1,5)",8.236536430834214,60 / 69 (90),59 / 61 (234) · net +0.12 / +0.25,-9.653482786070747,58 / 69 (58),58.78211897219289,58.573072497123135,-2.538038613987979,False
yalnız ⛔ olmayanlar (prime ek),coin tek başına,K13 stabil coin talebi zayıf (z ≤ −1),14.642731432594157,61 / 57 (96),59 / 56 (416) · net +0.14 / +0.06,-3.0941849148616245,59 / 54 (159),58.78211897219289,59.21649484536082,2.9664948453608204,False
yalnız ⛔ olmayanlar (prime ek),coin tek başına,"K14 Tether primi yüksek (z ≤ −1,5)",12.108412530799015,62 / 54 (169),58 / 61 (344) · net +0.09 / +0.41,-10.547742260441055,59 / 55 (135),58.78211897219289,58.430116139367236,-2.90709316295834,False
yalnız ⛔ olmayanlar (prime ek),coin tek başına,"K15 Tether iskontolu (z ≥ 1,5)",4.716649067229849,61 / 47 (15),59 / 54 (134) · net +0.13 / +0.10,-6.239459013510712,58 / 55 (65),58.78211897219289,58.99519763575915,4.517585695460639,False
yalnız ⛔ olmayanlar (prime ek),coin tek başına,(plasebo: rastgele %27),,,,,,,,,1/15
yalnız ⛔ olmayanlar (prime ek),coin 🔇 sessiz,K1 coin 30 g ortalama altında,56.73431734317344,60 / 61 (266),64 / 60 (615) · net +0.40 / +0.21,-1.4659233436161245,60 / 61 (156),62.08487084870848,64.39232409381663,4.067120841784103,False
yalnız ⛔ olmayanlar (prime ek),coin 🔇 sessiz,K2 BTC 30 g ortalama altında,45.29520295202952,59 / 63 (230),62 / 62 (491) · net +0.36 / +0.21,-4.589336960534931,57 / 64 (132),62.08487084870848,62.394603709949415,0.6838094125970713,False
yalnız ⛔ olmayanlar (prime ek),coin 🔇 sessiz,K3 son 24 s olağandışı yükselmiş (z ≥ 2),1.2915129151291513,60 / 61 (18),62 / 79 (14) · net +0.29 / +0.62,,61 / 33 (3),62.08487084870848,61.86915887850467,-16.7022696929239,False
yalnız ⛔ olmayanlar (prime ek),coin 🔇 sessiz,K4 son 24 s olağandışı düşmüş (z ≤ −2),24.6309963099631,59 / 68 (100),60 / 67 (267) · net +0.24 / +0.46,-13.148952412639163,57 / 70 (67),62.08487084870848,60.342717258261935,-7.073013078816722,False
yalnız ⛔ olmayanlar (prime ek),coin 🔇 sessiz,"K5 oynaklık patlaması (≥ 1,5×)",29.335793357933582,61 / 58 (181),61 / 64 (318) · net +0.14 / +0.66,-9.659349548580396,60 / 62 (72),62.08487084870848,61.22715404699739,-2.9237893492290183,False
yalnız ⛔ olmayanlar (prime ek),coin 🔇 sessiz,K6 RSI ≥ 70,0.7380073800738007,60 / 78 (9),62 / 50 (8) · net +0.29 / +0.32,,61 / 50 (4),62.08487084870848,62.174721189591075,12.174721189591075,False
yalnız ⛔ olmayanlar (prime ek),coin 🔇 sessiz,K7 RSI ≤ 30,28.228782287822877,58 / 67 (134),63 / 58 (306) · net +0.32 / +0.23,-2.2200891388384716,59 / 65 (83),62.08487084870848,63.49614395886889,4.999411932725096,False
yalnız ⛔ olmayanlar (prime ek),coin 🔇 sessiz,"K8 fonlama yüksek (z ≥ 1,5)",15.313653136531366,60 / 64 (84),59 / 77 (166) · net +0.16 / +1.03,-24.427943894558844,60 / 62 (21),62.08487084870848,59.3681917211329,-17.740242013806863,False
yalnız ⛔ olmayanlar (prime ek),coin 🔇 sessiz,K9 aynı saatte ≥ 4 coin sinyali,82.10332103321034,58 / 62 (358),61 / 62 (890) · net +0.22 / +0.31,-9.829984761068406,63 / 60 (215),62.08487084870848,60.824742268041234,-1.5348082937565124,False
yalnız ⛔ olmayanlar (prime ek),coin 🔇 sessiz,K10 hafta sonu,23.339483394833948,61 / 58 (161),64 / 57 (253) · net +0.46 / -0.27,-1.492749391932166,61 / 59 (56),62.08487084870848,63.65824308062575,6.741247033194917,False
yalnız ⛔ olmayanlar (prime ek),coin 🔇 sessiz,K11 ABD seansı dışı,68.63468634686348,57 / 61 (449),59 / 63 (744) · net +0.32 / +0.28,-11.208009585742479,56 / 62 (184),62.08487084870848,59.11764705882353,-4.323213156230231,False
yalnız ⛔ olmayanlar (prime ek),coin 🔇 sessiz,"K12 VIX dün sıçramış (z ≥ 1,5)",13.745387453874539,60 / 67 (39),62 / 60 (149) · net +0.28 / +0.38,-7.921784461145409,60 / 70 (27),62.08487084870848,62.35294117647059,1.9502566127121952,False
yalnız ⛔ olmayanlar (prime ek),coin 🔇 sessiz,K13 stabil coin talebi zayıf (z ≤ −1),19.00369003690037,59 / 79 (48),62 / 61 (206) · net +0.29 / +0.29,-5.222385490882818,62 / 57 (82),62.08487084870848,62.300683371298405,1.1356348276090884,False
yalnız ⛔ olmayanlar (prime ek),coin 🔇 sessiz,"K14 Tether primi yüksek (z ≤ −1,5)",12.453874538745389,61 / 47 (43),62 / 66 (135) · net +0.24 / +0.63,-17.527449036213632,61 / 56 (27),62.08487084870848,61.53846153846154,-4.387464387464384,False
yalnız ⛔ olmayanlar (prime ek),coin 🔇 sessiz,"K15 Tether iskontolu (z ≥ 1,5)",4.1512915129151295,61 / 43 (14),62 / 53 (45) · net +0.31 / -0.03,-9.521784990502526,62 / 38 (16),62.08487084870848,62.463907603464875,9.13057427013154,False
yalnız ⛔ olmayanlar (prime ek),coin 🔇 sessiz,(plasebo: rastgele %27),,,,,,,,,1/15
yalnız ⛔ olmayanlar (prime ek),coin 🤝 ortak,K1 coin 30 g ortalama altında,54.13453868651954,61 / 55 (748),62 / 63 (2036) · net +0.33 / +0.15,-6.6816973351278355,64 / 69 (536),62.430204732783835,61.91304347826087,-0.9553258734090733,False
yalnız ⛔ olmayanlar (prime ek),coin 🤝 ortak,K2 BTC 30 g ortalama altında,38.65993086944962,61 / 51 (500),63 / 62 (1454) · net +0.27 / +0.16,-5.591365997200495,67 / 66 (442),62.430204732783835,62.80884265279584,0.9794066142814017,False
yalnız ⛔ olmayanlar (prime ek),coin 🤝 ortak,K3 son 24 s olağandışı yükselmiş (z ≥ 2),0.8242488699813879,58 / 68 (31),62 / 65 (31) · net +0.22 / +0.94,-16.617942568889283,66 / 82 (17),62.430204732783835,62.41286863270778,-2.1032603995502868,False
yalnız ⛔ olmayanlar (prime ek),coin 🤝 ortak,K4 son 24 s olağandışı düşmüş (z ≤ −2),10.050518479127891,58 / 60 (161),62 / 65 (378) · net +0.20 / +0.45,-12.07520384602954,66 / 70 (100),62.430204732783835,62.104640851315395,-3.2392744925999466,False
yalnız ⛔ olmayanlar (prime ek),coin 🤝 ortak,"K5 oynaklık patlaması (≥ 1,5×)",16.245679340600905,59 / 56 (375),61 / 68 (611) · net +0.14 / +0.67,-13.884963183548786,64 / 80 (193),62.430204732783835,61.33333333333333,-6.751773049645394,False
yalnız ⛔ olmayanlar (prime ek),coin 🤝 ortak,K6 RSI ≥ 70,0.10635469290082426,58 / 0 (8),62 / 100 (4) · net +0.23 / +1.58,,67 / 100 (2),62.430204732783835,62.39020495075859,-37.60979504924141,False
yalnız ⛔ olmayanlar (prime ek),coin 🤝 ortak,K7 RSI ≤ 30,21.27093858016485,59 / 54 (296),63 / 60 (800) · net +0.37 / -0.30,-2.181492972306927,65 / 71 (258),62.430204732783835,63.15433975008443,3.404339750084432,False
yalnız ⛔ olmayanlar (prime ek),coin 🤝 ortak,"K8 fonlama yüksek (z ≥ 1,5)",16.458388726402553,57 / 70 (207),62 / 66 (619) · net +0.14 / +0.66,-9.867566330522033,67 / 66 (217),62.430204732783835,61.77593889242521,-3.9752727392387683,False
yalnız ⛔ olmayanlar (prime ek),coin 🤝 ortak,K9 aynı saatte ≥ 4 coin sinyali,92.76788088274395,54 / 59 (1487),56 / 63 (3489) · net +0.09 / +0.24,-14.074786747786877,53 / 68 (999),62.430204732783835,55.88235294117647,-7.058317738101259,False
yalnız ⛔ olmayanlar (prime ek),coin 🤝 ortak,K10 hafta sonu,30.337676149960117,57 / 60 (606),63 / 61 (1141) · net +0.26 / +0.16,-5.542401030001488,68 / 64 (352),62.430204732783835,62.86259541984733,1.4252597493828176,False
yalnız ⛔ olmayanlar (prime ek),coin 🤝 ortak,K11 ABD seansı dışı,62.137729327306566,55 / 60 (1030),65 / 61 (2337) · net +0.26 / +0.21,-1.9374314103877899,77 / 63 (790),62.430204732783835,65.30898876404494,4.6329083190299585,False
yalnız ⛔ olmayanlar (prime ek),coin 🤝 ortak,"K12 VIX dün sıçramış (z ≥ 1,5)",5.822919436320128,57 / 75 (84),62 / 65 (219) · net +0.23 / +0.27,-13.915259939366273,66 / 89 (37),62.430204732783835,62.25296442687747,-3.0438392260905687,False
yalnız ⛔ olmayanlar (prime ek),coin 🤝 ortak,K13 stabil coin talebi zayıf (z ≤ −1),13.081627226801382,58 / 53 (64),62 / 63 (492) · net +0.18 / +0.58,-9.598317754265159,66 / 72 (173),62.430204732783835,62.37381462220862,-0.4310634265718676,False
yalnız ⛔ olmayanlar (prime ek),coin 🤝 ortak,"K14 Tether primi yüksek (z ≤ −1,5)",13.905876096782771,58 / 56 (256),63 / 61 (523) · net +0.22 / +0.30,-8.839864839413723,68 / 63 (243),62.430204732783835,62.60037059913527,1.2236975589823018,False
yalnız ⛔ olmayanlar (prime ek),coin 🤝 ortak,"K15 Tether iskontolu (z ≥ 1,5)",9.412390321722947,58 / 64 (25),62 / 64 (354) · net +0.28 / -0.22,-9.13202794157675,66 / 72 (152),62.430204732783835,62.31288523627825,-1.2464367976200563,False
yalnız ⛔ olmayanlar (prime ek),coin 🤝 ortak,(plasebo: rastgele %27),,,,,,,,,2/15
yalnız ⛔ olmayanlar (prime ek),🧪 24 saat,K1 coin 30 g ortalama altında,58.97840968931016,58 / 53 (364),53 / 58 (1120) · net +0.72 / +0.67,-9.133623290163301,48 / 54 (293),55.92417061611374,53.27342747111682,-4.4944296717403205,False
yalnız ⛔ olmayanlar (prime ek),🧪 24 saat,K2 BTC 30 g ortalama altında,44.60242232754081,58 / 50 (283),54 / 58 (847) · net +0.64 / +0.76,-9.936731959300005,51 / 51 (236),55.92417061611374,53.99239543726235,-4.3310992498687,False
yalnız ⛔ olmayanlar (prime ek),🧪 24 saat,K3 son 24 s olağandışı yükselmiş (z ≥ 2),3.370194839389152,55 / 62 (29),56 / 50 (64) · net +0.64 / +2.28,-4.898472829453315,51 / 55 (31),55.92417061611374,56.13079019073569,6.130790190735688,False
yalnız ⛔ olmayanlar (prime ek),🧪 24 saat,K4 son 24 s olağandışı düşmüş (z ≤ −2),9.531332280147446,55 / 68 (50),55 / 66 (181) · net +0.62 / +1.42,-20.29922696437077,51 / 48 (54),55.92417061611374,54.88940628637952,-10.856450067211647,False
yalnız ⛔ olmayanlar (prime ek),🧪 24 saat,"K5 oynaklık patlaması (≥ 1,5×)",19.06266456029489,54 / 62 (146),55 / 62 (362) · net +0.52 / +1.44,-14.349386239209718,52 / 47 (121),55.92417061611374,54.52179570592063,-7.3566573327534,False
yalnız ⛔ olmayanlar (prime ek),🧪 24 saat,K6 RSI ≥ 70,4.21274354923644,56 / 50 (40),56 / 49 (80) · net +0.63 / +2.03,-3.167168146434107,51 / 52 (46),55.92417061611374,56.239692138537656,7.489692138537656,False
yalnız ⛔ olmayanlar (prime ek),🧪 24 saat,K7 RSI ≤ 30,22.696155871511323,55 / 56 (168),55 / 58 (431) · net +0.70 / +0.66,-9.146777878318307,50 / 55 (96),55.92417061611374,55.177111716621255,-3.2915657775782847,False
yalnız ⛔ olmayanlar (prime ek),🧪 24 saat,"K8 fonlama yüksek (z ≥ 1,5)",11.11111111111111,54 / 66 (79),56 / 59 (211) · net +0.59 / +1.55,-10.985733794983764,52 / 43 (58),55.92417061611374,55.50947867298578,-3.732227488151665,False
yalnız ⛔ olmayanlar (prime ek),🧪 24 saat,K9 aynı saatte ≥ 4 coin sinyali,61.506055818852026,52 / 58 (418),51 / 59 (1168) · net +0.38 / +0.89,-13.534801432951323,50 / 52 (284),55.92417061611374,50.752393980848154,-8.40856492326143,False
yalnız ⛔ olmayanlar (prime ek),🧪 24 saat,K10 hafta sonu,24.539231174302266,57 / 52 (197),55 / 58 (466) · net +0.77 / +0.47,-8.895385517287467,51 / 49 (148),55.92417061611374,55.40823447313329,-2.1024951406006096,False
yalnız ⛔ olmayanlar (prime ek),🧪 24 saat,K11 ABD seansı dışı,67.50921537651395,58 / 54 (556),55 / 56 (1282) · net +0.64 / +0.72,-6.099153496167689,55 / 49 (381),55.92417061611374,55.42949756888168,-0.7327489209779117,False
yalnız ⛔ olmayanlar (prime ek),🧪 24 saat,"K12 VIX dün sıçramış (z ≥ 1,5)",6.687730384412848,55 / 63 (46),55 / 70 (127) · net +0.66 / +1.17,-23.893822450303762,50 / 71 (35),55.92417061611374,54.909706546275395,-15.169033611204917,False
yalnız ⛔ olmayanlar (prime ek),🧪 24 saat,K13 stabil coin talebi zayıf (z ≤ −1),18.062137967351237,56 / 53 (64),57 / 51 (343) · net +0.79 / +0.27,-1.9476518350480303,54 / 42 (137),55.92417061611374,57.0694087403599,6.340545766598964,False
yalnız ⛔ olmayanlar (prime ek),🧪 24 saat,"K14 Tether primi yüksek (z ≤ −1,5)",10.953133228014744,56 / 49 (70),56 / 57 (208) · net +0.58 / +1.60,-11.142378959727468,53 / 41 (79),55.92417061611374,55.76581904198699,-1.445719419551473,False
yalnız ⛔ olmayanlar (prime ek),🧪 24 saat,"K15 Tether iskontolu (z ≥ 1,5)",7.5829383886255926,55 / 59 (22),56 / 57 (144) · net +0.69 / +0.71,-11.253056914220068,50 / 55 (49),55.92417061611374,55.84045584045584,-1.1039886039886042,False
yalnız ⛔ olmayanlar (prime ek),🧪 24 saat,(plasebo: rastgele %27),,,,,,,,,0/15
