coin,kural,saat,seçim 2022-06→2023,doğrulama 2024+,2026,ok,n24,is24,net24,alt24,n26,is26,net26
BTC,AL2,4,153 · 44 · -0.05 · -0.23,300 · 50 · +0.11 · -0.01,70 · 51 · +0.13 · -0.19,False,300,49.666666666666664,0.10856167610027859,-0.010414528173432493,70,51.42857142857142,0.1313624006954116
BTC,AL2,8,113 · 45 · +0.04 · -0.28,194 · 49 · +0.25 · +0.07,43 · 44 · +0.24 · -0.23,True,194,48.96907216494845,0.24853544283356252,0.06965221832646794,43,44.18604651162791,0.2420391469248832
BTC,AL2,24,75 · 40 · +0.08 · -0.63,115 · 57 · +0.57 · +0.17,25 · 48 · +0.49 · -0.63,True,115,56.52173913043478,0.569026211108856,0.16587939683069775,25,48.0,0.4948989573226254
BTC,AL3,4,48 · 56 · +0.09 · -0.38,59 · 49 · +0.06 · -0.09,11 · 36 · +0.01 · -0.15,False,59,49.152542372881356,0.06405547390840191,-0.08660506655312775,11,36.36363636363637,0.014225005760454388
BTC,AL3,8,35 · 49 · +0.22 · -0.43,46 · 50 · +0.24 · -0.07,8 · 50 · +0.36 · -0.28,False,46,50.0,0.23904423456390048,-0.06692177434885008,8,50.0,0.3617057362769069
BTC,AL3,24,28 · 36 · -0.09 · -1.76,34 · 53 · +0.38 · -0.42,5 · 60 · +2.80 · —,False,34,52.94117647058824,0.376096266927239,-0.42033746661674887,5,60.0,2.8042476430105245
BTC,SAT2,4,232 · 46 · +0.08 · -0.08,503 · 45 · -0.02 · -0.08,149 · 48 · -0.01 · -0.16,False,503,45.32803180914513,-0.015762770921445707,-0.07664592300355222,149,48.322147651006716,-0.008762583444141662
BTC,SAT2,8,153 · 46 · +0.18 · -0.11,310 · 46 · +0.06 · -0.06,89 · 47 · +0.02 · -0.24,False,310,45.806451612903224,0.06137109618154432,-0.0626676847244462,89,47.19101123595505,0.022045445389336147
BTC,SAT2,24,87 · 52 · +0.65 · -0.03,152 · 51 · +0.34 · +0.02,42 · 45 · +0.45 · -0.43,True,152,51.31578947368421,0.34185708430762957,0.01650749066383367,42,45.23809523809524,0.4498599917403286
ETH,AL2,4,178 · 51 · +0.02 · -0.17,294 · 51 · +0.13 · -0.01,64 · 48 · +0.10 · -0.36,False,294,51.36054421768708,0.13055742034894835,-0.011943021407644427,64,48.4375,0.09618899647859108
ETH,AL2,8,132 · 53 · +0.21 · -0.14,192 · 55 · +0.30 · +0.06,39 · 54 · +0.25 · -0.43,True,192,55.208333333333336,0.3024343385219313,0.0634182196215036,39,53.84615384615385,0.246088157347323
ETH,AL2,24,82 · 44 · -0.15 · -0.86,115 · 54 · +0.64 · +0.15,23 · 57 · +0.48 · -0.92,False,115,53.91304347826087,0.6448682163874736,0.15029527474505117,23,56.52173913043478,0.47978358727365233
ETH,AL3,4,40 · 55 · +0.23 · -0.37,70 · 61 · +0.34 · +0.09,16 · 69 · +0.58 · +0.12,True,70,61.42857142857143,0.3447398003416275,0.09011767229465564,16,68.75,0.5762505109265804
ETH,AL3,8,28 · 61 · +0.92 · +0.28,53 · 55 · +0.68 · +0.14,10 · 70 · +1.25 · +0.54,True,53,54.71698113207547,0.679990632515762,0.14236074165175558,10,70.0,1.2468885442412994
ETH,AL3,24,19 · 68 · +1.13 · -0.64,39 · 59 · +1.43 · +0.61,5 · 80 · +3.87 · —,True,39,58.97435897435898,1.4283644999629774,0.6104536582308279,5,80.0,3.8699377027890143
ETH,SAT2,4,242 · 49 · +0.07 · -0.11,528 · 43 · -0.03 · -0.12,162 · 40 · -0.08 · -0.23,False,528,42.99242424242424,-0.03333509709213168,-0.11937864754280032,162,39.50617283950617,-0.08443550369607049
ETH,SAT2,8,157 · 49 · +0.30 · -0.08,324 · 47 · +0.07 · -0.08,96 · 38 · -0.07 · -0.33,False,324,46.913580246913575,0.06779507529774986,-0.07650943614782513,96,37.5,-0.0691185487366656
ETH,SAT2,24,82 · 54 · +0.75 · -0.00,155 · 50 · +0.33 · -0.09,43 · 44 · +0.16 · -0.80,False,155,50.32258064516129,0.3253779074268799,-0.08645585557493547,43,44.18604651162791,0.1630263751658688
ADA,AL2,4,189 · 43 · -0.10 · -0.40,418 · 52 · +0.16 · +0.01,128 · 48 · -0.01 · -0.28,False,418,52.39234449760766,0.15824724932808928,0.010041030986570512,128,47.65625,-0.01232647214604723
ADA,AL2,8,151 · 50 · +0.13 · -0.22,330 · 48 · +0.25 · +0.02,108 · 41 · -0.04 · -0.43,True,330,48.484848484848484,0.249675193969495,0.021232097706526686,108,40.74074074074074,-0.041384723678323444
ADA,AL2,24,101 · 51 · +0.12 · -0.71,221 · 48 · +0.58 · +0.13,74 · 41 · +0.34 · -0.45,True,221,48.41628959276018,0.5791155528319712,0.1284321172173646,74,40.54054054054054,0.335154192796282
ADA,AL3,4,55 · 45 · +0.24 · -0.36,93 · 56 · +0.50 · -0.04,30 · 57 · +0.51 · -0.01,False,93,55.91397849462365,0.5035512338912794,-0.0366753900664598,30,56.666666666666664,0.5139800840394145
ADA,AL3,8,43 · 53 · +0.55 · -0.29,85 · 55 · +0.98 · +0.36,29 · 52 · +0.88 · -0.07,True,85,55.294117647058826,0.9797270985687199,0.3568131557440256,29,51.724137931034484,0.8815591414302626
ADA,AL3,24,34 · 65 · +0.99 · -0.19,77 · 56 · +1.65 · +0.68,28 · 50 · +1.22 · -0.24,True,77,55.84415584415584,1.646129334564702,0.6773587370111251,28,50.0,1.2217060127558752
ADA,SAT2,4,231 · 45 · +0.01 · -0.25,504 · 51 · +0.04 · -0.07,171 · 59 · +0.21 · +0.08,False,504,51.19047619047619,0.04047441350758816,-0.0677334494292535,171,59.06432748538012,0.2144316351044201
ADA,SAT2,8,170 · 55 · +0.12 · -0.36,372 · 54 · +0.14 · -0.02,134 · 60 · +0.29 · -0.01,False,372,53.76344086021505,0.1422919953956064,-0.015818401061235273,134,60.447761194029844,0.2860082464995629
ADA,SAT2,24,103 · 57 · +0.25 · -0.80,224 · 53 · +0.24 · -0.17,85 · 53 · +0.18 · -0.60,False,224,53.125,0.2370340115709614,-0.1668083886818155,85,52.94117647058824,0.1815727059305908
APT,AL2,4,198 · 52 · +0.09 · -0.13,458 · 48 · +0.02 · -0.15,131 · 43 · +0.02 · -0.26,False,458,47.81659388646288,0.016929618312726956,-0.15171249106513593,131,42.74809160305343,0.020124043297178023
APT,AL2,8,167 · 42 · +0.02 · -0.38,404 · 49 · -0.01 · -0.25,112 · 45 · -0.22 · -0.59,False,404,49.257425742574256,-0.010852303179763014,-0.25081350574832434,112,44.642857142857146,-0.21645816869342469
APT,AL2,24,118 · 47 · +0.37 · -0.49,287 · 50 · +0.14 · -0.24,84 · 46 · -0.22 · -0.77,False,287,50.174216027874564,0.13554529021605768,-0.237846289847751,84,46.42857142857143,-0.22112875341046107
APT,AL3,4,44 · 41 · +0.02 · -0.96,82 · 49 · +0.06 · -0.39,24 · 46 · -0.51 · -1.36,False,82,48.78048780487805,0.06419938499299387,-0.38991895357884565,24,45.83333333333333,-0.5139493834632836
APT,AL3,8,37 · 41 · +0.07 · -0.93,80 · 56 · +0.46 · -0.03,24 · 50 · -0.04 · -0.64,False,80,56.25,0.4590950902618681,-0.027933960276786414,24,50.0,-0.043631742919623205
APT,AL3,24,32 · 53 · +0.67 · -0.99,75 · 49 · +0.32 · -0.53,23 · 39 · -0.22 · -1.33,False,75,49.333333333333336,0.32146117246707095,-0.5273352539106593,23,39.130434782608695,-0.221390742769737
APT,SAT2,4,191 · 53 · -0.03 · -0.33,519 · 51 · +0.04 · -0.10,146 · 55 · +0.19 · -0.07,False,519,50.67437379576107,0.04165019572274386,-0.10337649514954249,146,55.47945205479452,0.18543727858365866
APT,SAT2,8,166 · 46 · +0.01 · -0.42,431 · 50 · +0.02 · -0.21,119 · 57 · +0.32 · -0.03,False,431,50.11600928074246,0.01819932166824364,-0.20711911520314483,119,57.14285714285714,0.3236805117371256
APT,SAT2,24,124 · 52 · -0.21 · -1.00,296 · 50 · -0.23 · -0.67,82 · 51 · +0.21 · -0.54,False,296,49.66216216216216,-0.22763806583961887,-0.6721424686404124,82,51.21951219512195,0.21462889782238626
ARB,AL2,4,91 · 54 · +0.29 · -0.02,451 · 46 · -0.05 · -0.25,126 · 40 · -0.24 · -0.58,False,451,45.8980044345898,-0.04570416410305445,-0.2520549584511672,126,40.476190476190474,-0.2432282993711562
ARB,AL2,8,70 · 61 · +0.35 · -0.09,380 · 51 · +0.27 · -0.04,113 · 46 · -0.02 · -0.49,False,380,50.526315789473685,0.27186380007256755,-0.03930558198594372,113,46.017699115044245,-0.020535113897244762
ARB,AL2,24,48 · 52 · -0.04 · -1.03,260 · 52 · +0.77 · +0.27,79 · 54 · +1.03 · +0.16,False,260,52.307692307692314,0.7676513917974843,0.2749135965278877,79,54.43037974683544,1.0264960923097532
ARB,AL3,4,34 · 47 · +0.38 · -0.15,113 · 48 · -0.01 · -0.68,25 · 32 · -0.58 · -1.97,False,113,47.78761061946903,-0.008861492620998853,-0.6785819513730937,25,32.0,-0.5750913209343927
ARB,AL3,8,29 · 52 · -0.04 · -0.99,104 · 52 · +0.31 · -0.47,24 · 50 · +0.12 · -1.23,False,104,51.92307692307693,0.30683220851491017,-0.4685132878750272,24,50.0,0.11776975147776818
ARB,AL3,24,23 · 52 · +0.60 · -0.90,86 · 52 · +0.58 · -0.44,22 · 55 · -0.67 · -2.71,False,86,52.32558139534884,0.5799396754994314,-0.44381553309537963,22,54.54545454545454,-0.6740923793959275
ARB,SAT2,4,69 · 58 · -0.06 · -0.51,464 · 46 · -0.14 · -0.31,166 · 52 · -0.14 · -0.49,False,464,46.33620689655172,-0.1437533544264592,-0.31115316903574275,166,51.80722891566265,-0.14334944742690026
ARB,SAT2,8,55 · 51 · -0.00 · -0.52,382 · 50 · -0.16 · -0.43,142 · 56 · -0.05 · -0.57,False,382,50.26178010471204,-0.16463568593673536,-0.4306464294486238,142,56.33802816901409,-0.05086189824230791
ARB,SAT2,24,39 · 51 · -0.47 · -1.82,252 · 50 · -0.16 · -0.65,95 · 48 · -0.30 · -1.17,False,252,49.60317460317461,-0.1623300215190271,-0.6515121452390298,95,48.421052631578945,-0.3006962272208608
BNB,AL2,4,0 · — · — · —,146 · 48 · -0.09 · -0.30,127 · 49 · -0.04 · -0.23,False,146,47.94520547945205,-0.09465967252572552,-0.2972327560205262,127,48.818897637795274,-0.04450123829951486
BNB,AL2,8,0 · — · — · —,117 · 40 · -0.17 · -0.41,100 · 39 · -0.15 · -0.38,False,117,40.17094017094017,-0.17080356731805482,-0.41137429852035784,100,39.0,-0.1466890828692185
BNB,AL2,24,0 · — · — · —,80 · 44 · -0.32 · -0.73,68 · 44 · -0.35 · -0.78,False,80,43.75,-0.31812716404572505,-0.7275992612680485,68,44.11764705882353,-0.3504977459462101
BNB,AL3,4,0 · — · — · —,25 · 56 · -0.01 · -0.25,21 · 52 · +0.01 · -0.23,False,25,56.00000000000001,-0.013714078665101296,-0.2518644190006786,21,52.38095238095239,0.011240424901011728
BNB,AL3,8,0 · — · — · —,23 · 57 · +0.06 · -0.23,19 · 53 · +0.07 · -0.26,False,23,56.52173913043478,0.06207230053101833,-0.23134367049027754,19,52.63157894736842,0.06760207254030613
BNB,AL3,24,0 · — · — · —,21 · 52 · +0.02 · -0.51,17 · 53 · -0.03 · -0.65,False,21,52.38095238095239,0.022977672359726666,-0.514131928836679,17,52.94117647058824,-0.033349207005945736
BNB,SAT2,4,0 · — · — · —,180 · 49 · -0.00 · -0.09,148 · 50 · +0.03 · -0.08,False,180,48.888888888888886,-0.0020725392207098883,-0.08891920959251104,148,50.0,0.032029171572849686
BNB,SAT2,8,0 · — · — · —,135 · 46 · -0.05 · -0.19,108 · 45 · -0.03 · -0.19,False,135,45.925925925925924,-0.053538868113927794,-0.18810846580631382,108,45.370370370370374,-0.03021643683141396
BNB,SAT2,24,0 · — · — · —,82 · 50 · +0.24 · -0.19,68 · 53 · +0.28 · -0.21,False,82,50.0,0.23749414805672417,-0.19310047154468055,68,52.94117647058824,0.282077895515338
DOGE,AL2,4,218 · 56 · +0.14 · -0.21,363 · 50 · +0.17 · -0.06,104 · 51 · -0.07 · -0.33,False,363,50.413223140495866,0.16682399200763148,-0.05944745111563768,104,50.96153846153846,-0.06657996555831185
DOGE,AL2,8,165 · 61 · +0.27 · -0.17,285 · 50 · +0.14 · -0.18,84 · 50 · -0.05 · -0.42,False,285,49.824561403508774,0.13538979456388084,-0.18471910199653113,84,50.0,-0.04674743622816948
DOGE,AL2,24,111 · 50 · +0.44 · -0.61,186 · 51 · +0.60 · +0.02,59 · 49 · +0.17 · -0.61,True,186,51.075268817204304,0.5963132928781203,0.022827811957725236,59,49.152542372881356,0.17062674960214252
DOGE,AL3,4,71 · 51 · +0.30 · -0.72,89 · 47 · -0.04 · -0.69,23 · 48 · -0.19 · -0.55,False,89,47.19101123595505,-0.03596971724808996,-0.6910640095066247,23,47.82608695652174,-0.19275444411580148
DOGE,AL3,8,57 · 54 · +0.18 · -0.80,84 · 58 · +0.51 · -0.02,23 · 65 · +0.41 · -0.10,False,84,58.333333333333336,0.5120750622172924,-0.02174645271207864,23,65.21739130434783,0.40660974277183665
DOGE,AL3,24,41 · 59 · +0.42 · -1.72,66 · 59 · +1.71 · +0.39,19 · 58 · +1.16 · -0.03,True,66,59.09090909090909,1.714380484868029,0.3912484047641029,19,57.89473684210527,1.164827841618692
DOGE,SAT2,4,237 · 47 · -0.02 · -0.29,460 · 49 · -0.07 · -0.21,150 · 51 · +0.05 · -0.16,False,460,48.69565217391305,-0.06722340405117806,-0.20866846206323905,150,50.66666666666667,0.04704923826942872
DOGE,SAT2,8,176 · 53 · +0.34 · -0.07,333 · 49 · +0.02 · -0.26,116 · 54 · +0.08 · -0.26,False,333,49.249249249249246,0.01605508309068957,-0.26236199662031784,116,54.310344827586206,0.07653251248473651
DOGE,SAT2,24,106 · 56 · -0.01 · -0.94,193 · 53 · +0.30 · -0.23,73 · 58 · +0.43 · -0.41,False,193,53.36787564766839,0.3029990822544203,-0.23129067691499763,73,57.534246575342465,0.4303778601080231
DOT,AL2,4,212 · 50 · -0.06 · -0.23,458 · 55 · +0.25 · +0.10,161 · 50 · +0.01 · -0.20,False,458,55.45851528384279,0.25327064402905386,0.10006465604732431,161,49.68944099378882,0.0092284274169689
DOT,AL2,8,170 · 44 · -0.00 · -0.29,366 · 55 · +0.26 · +0.02,133 · 50 · -0.13 · -0.44,False,366,55.19125683060109,0.26006718339878043,0.016829203816453742,133,50.37593984962406,-0.13445813688950792
DOT,AL2,24,113 · 46 · -0.14 · -0.75,247 · 51 · +0.18 · -0.36,95 · 53 · +0.27 · -0.48,False,247,51.417004048582996,0.1792555143545585,-0.36379854435858805,95,52.63157894736842,0.2714173634986239
DOT,AL3,4,47 · 53 · -0.00 · -0.39,104 · 59 · +0.53 · +0.14,25 · 56 · +0.20 · -0.39,False,104,58.65384615384615,0.5345257792619658,0.1428650392477995,25,56.00000000000001,0.1968426008141182
DOT,AL3,8,38 · 47 · +0.31 · -0.17,91 · 63 · +0.54 · -0.10,23 · 52 · -0.03 · -0.93,False,91,62.637362637362635,0.5403272288466595,-0.10172332009969583,23,52.17391304347826,-0.028020521740308977
DOT,AL3,24,30 · 47 · +0.41 · -0.91,74 · 49 · -0.22 · -1.23,20 · 45 · +0.11 · -1.11,False,74,48.64864864864865,-0.22148317593779168,-1.2320292251165887,20,45.0,0.10828655452778413
DOT,SAT2,4,236 · 46 · +0.18 · -0.06,453 · 49 · -0.02 · -0.14,132 · 46 · -0.06 · -0.23,False,453,48.56512141280353,-0.021907172706573767,-0.13938856599228652,132,46.21212121212121,-0.05731514934429107
DOT,SAT2,8,187 · 49 · +0.12 · -0.25,356 · 49 · +0.00 · -0.21,112 · 50 · -0.28 · -0.61,False,356,49.157303370786515,0.004036268747637726,-0.2084118680529276,112,50.0,-0.2838081356069438
DOT,SAT2,24,123 · 51 · +0.05 · -0.64,227 · 56 · +0.35 · -0.13,77 · 53 · +0.10 · -0.55,False,227,55.50660792951542,0.3487543933988898,-0.13083975956182245,77,53.246753246753244,0.0978385579876083
FLOKI,AL2,4,0 · — · — · —,363 · 47 · +0.00 · -0.19,154 · 49 · +0.06 · -0.25,False,363,47.107438016528924,0.004354291043007747,-0.1902351662906409,154,49.35064935064935,0.0598100529200126
FLOKI,AL2,8,0 · — · — · —,318 · 51 · +0.14 · -0.18,131 · 50 · +0.17 · -0.23,False,318,50.943396226415096,0.1371708054023717,-0.17809596954460025,131,49.61832061068702,0.17018454239733344
FLOKI,AL2,24,0 · — · — · —,233 · 48 · +0.06 · -0.58,100 · 46 · +0.04 · -0.84,False,233,47.63948497854077,0.06294828159393205,-0.5839730670216597,100,46.0,0.04153434937146605
FLOKI,AL3,4,0 · — · — · —,80 · 46 · +0.13 · -0.27,32 · 41 · -0.32 · -0.70,False,80,46.25,0.13001469623920564,-0.27183365383207125,32,40.625,-0.3176990478046886
FLOKI,AL3,8,0 · — · — · —,77 · 45 · +0.13 · -0.49,30 · 37 · -0.37 · -0.93,False,77,45.45454545454545,0.12882610237317668,-0.48635848121487996,30,36.666666666666664,-0.3741247369348534
FLOKI,AL3,24,0 · — · — · —,69 · 49 · +0.73 · -0.28,27 · 37 · -1.24 · -2.26,False,69,49.275362318840585,0.7284316410469799,-0.27610120943055594,27,37.03703703703704,-1.2437231914015436
FLOKI,SAT2,4,0 · — · — · —,367 · 54 · +0.15 · -0.02,153 · 56 · +0.07 · -0.12,False,367,53.950953678474114,0.14886607435193525,-0.01919322067181667,153,55.55555555555556,0.06598444772439152
FLOKI,SAT2,8,0 · — · — · —,323 · 54 · +0.12 · -0.14,135 · 55 · +0.28 · -0.01,False,323,54.4891640866873,0.12385159763063378,-0.13879469169297845,135,54.81481481481482,0.28254616027684043
FLOKI,SAT2,24,0 · — · — · —,224 · 52 · +0.21 · -0.44,96 · 53 · +0.20 · -0.62,False,224,52.23214285714286,0.21145222752193973,-0.43660173604888564,96,53.125,0.19639821592219328
LINK,AL2,4,214 · 51 · +0.07 · -0.15,391 · 53 · +0.17 · +0.04,136 · 51 · -0.06 · -0.20,True,391,52.685421994884905,0.17139742219291262,0.044204332695714006,136,51.470588235294116,-0.055269387229960686
LINK,AL2,8,171 · 51 · +0.20 · -0.13,309 · 53 · +0.27 · +0.08,108 · 50 · -0.09 · -0.28,True,309,53.398058252427184,0.2673055787763744,0.08040837361616048,108,50.0,-0.08919553862300053
LINK,AL2,24,123 · 50 · -0.18 · -0.91,212 · 51 · +0.56 · +0.10,76 · 47 · -0.11 · -0.55,False,212,51.41509433962265,0.5617243344036648,0.10306491039326585,76,47.368421052631575,-0.10853466049824778
LINK,AL3,4,66 · 45 · -0.36 · -0.85,61 · 59 · +0.56 · -0.01,19 · 42 · -0.59 · -0.93,False,61,59.01639344262295,0.5600512450833248,-0.01215727103045339,19,42.10526315789473,-0.5915043797226467
LINK,AL3,8,54 · 44 · -0.52 · -1.28,58 · 57 · +1.09 · +0.39,19 · 37 · -0.23 · -1.18,False,58,56.896551724137936,1.0914852296420112,0.3895352236299694,19,36.84210526315789,-0.2319604633074705
LINK,AL3,24,45 · 49 · -0.52 · -2.37,49 · 63 · +2.43 · +1.37,17 · 41 · +0.71 · -0.93,False,49,63.26530612244898,2.4318876463425663,1.374502783205406,17,41.17647058823529,0.7079274013311886
LINK,SAT2,4,227 · 48 · +0.21 · +0.01,442 · 51 · -0.03 · -0.14,114 · 51 · +0.06 · -0.15,False,442,50.678733031674206,-0.025703475817892427,-0.138279897621683,114,50.877192982456144,0.056634606480859946
LINK,SAT2,8,170 · 46 · +0.07 · -0.44,332 · 51 · +0.23 · +0.02,92 · 50 · +0.10 · -0.28,True,332,51.204819277108435,0.22546993633277973,0.019360341147169075,92,50.0,0.10080778540324904
LINK,SAT2,24,111 · 48 · -0.09 · -0.63,202 · 54 · +0.21 · -0.21,65 · 54 · -0.02 · -0.78,False,202,53.960396039603964,0.210895053029918,-0.21235135957032736,65,53.84615384615385,-0.017896921514348768
NEAR,AL2,4,279 · 51 · +0.17 · -0.00,492 · 52 · +0.27 · +0.12,148 · 53 · +0.42 · +0.17,True,492,51.829268292682926,0.27440963079759484,0.12417268336034394,148,52.702702702702695,0.4158568169241434
NEAR,AL2,8,237 · 51 · +0.13 · -0.20,416 · 52 · +0.33 · +0.09,136 · 50 · +0.46 · +0.07,True,416,51.92307692307693,0.3298643787903388,0.09210828563804027,136,50.0,0.46192310756655436
NEAR,AL2,24,160 · 53 · +0.36 · -0.27,275 · 54 · +0.82 · +0.38,92 · 49 · +0.93 · +0.10,True,275,53.81818181818182,0.8246565324171259,0.38437957615687735,92,48.91304347826087,0.9270137407249902
NEAR,AL3,4,53 · 60 · +0.22 · -0.17,121 · 57 · +0.60 · +0.16,30 · 50 · +0.34 · -0.37,True,121,57.02479338842975,0.6046011205306528,0.15869354280198578,30,50.0,0.3376339687962046
NEAR,AL3,8,42 · 45 · +0.22 · -0.39,112 · 58 · +0.80 · +0.30,30 · 50 · +0.59 · -0.27,True,112,58.03571428571429,0.8041731101108386,0.30307972602518507,30,50.0,0.594116938697515
NEAR,AL3,24,34 · 35 · -0.69 · -2.03,95 · 57 · +1.46 · +0.42,25 · 60 · +1.26 · -0.67,False,95,56.84210526315789,1.4591288979748247,0.4247448626328011,25,60.0,1.255597334305845
NEAR,SAT2,4,190 · 54 · +0.12 · -0.04,412 · 48 · -0.15 · -0.36,91 · 42 · -0.49 · -0.86,False,412,47.57281553398058,-0.15220657246070426,-0.3641478179996043,91,41.75824175824176,-0.48729271328561063
NEAR,SAT2,8,155 · 51 · +0.12 · -0.21,322 · 46 · -0.04 · -0.35,80 · 39 · -0.63 · -1.36,False,322,46.273291925465834,-0.03538802353276428,-0.3484113456948572,80,38.75,-0.631770338624976
NEAR,SAT2,24,109 · 66 · +1.02 · +0.51,208 · 54 · +0.11 · -0.56,59 · 53 · -0.46 · -1.66,False,208,53.84615384615385,0.105871891968905,-0.5628599995477621,59,52.54237288135594,-0.4556825784152763
OP,AL2,4,236 · 50 · +0.25 · -0.18,425 · 53 · +0.23 · -0.00,99 · 42 · -0.17 · -0.39,False,425,53.41176470588235,0.23448123718343888,-0.004579080957468632,99,42.42424242424242,-0.17096282268563173
OP,AL2,8,193 · 46 · +0.40 · -0.23,362 · 54 · +0.34 · -0.00,88 · 42 · -0.11 · -0.55,False,362,53.86740331491713,0.33736209510628956,-0.001720220229810932,88,42.04545454545455,-0.1100414298842182
OP,AL2,24,145 · 55 · +2.24 · +0.94,255 · 53 · +0.32 · -0.28,60 · 47 · -0.19 · -0.92,False,255,52.54901960784314,0.3226759818505954,-0.2791590850662531,60,46.666666666666664,-0.18799234265685702
OP,AL3,4,71 · 39 · +0.00 · -0.59,95 · 57 · +0.38 · -0.13,17 · 18 · -1.34 · -2.02,False,95,56.84210526315789,0.3762549909940445,-0.1319233733753587,17,17.647058823529413,-1.339693594699523
OP,AL3,8,61 · 34 · -0.08 · -0.89,82 · 51 · +0.53 · -0.22,15 · 27 · -1.18 · -2.12,False,82,51.21951219512195,0.5261750013662545,-0.2226719792692224,15,26.666666666666668,-1.1821586843500569
OP,AL3,24,51 · 41 · +1.79 · -0.57,68 · 56 · +0.83 · -0.47,13 · 46 · -2.34 · -4.15,False,68,55.88235294117647,0.8256673419905646,-0.4727021601367334,13,46.15384615384615,-2.3358549889014877
OP,SAT2,4,226 · 51 · -0.15 · -0.46,495 · 50 · -0.11 · -0.27,169 · 48 · -0.17 · -0.47,False,495,50.303030303030305,-0.10544886229596122,-0.27073488544132557,169,47.928994082840234,-0.17490487349147832
OP,SAT2,8,189 · 54 · +0.00 · -0.43,413 · 50 · -0.08 · -0.34,148 · 48 · -0.12 · -0.51,False,413,49.63680387409201,-0.0836921562256206,-0.3403811280179482,148,47.97297297297297,-0.11752426898719087
OP,SAT2,24,136 · 55 · +0.08 · -0.73,276 · 50 · -0.01 · -0.52,100 · 46 · -0.14 · -0.93,False,276,49.63768115942029,-0.008501840847353831,-0.5214884860146476,100,46.0,-0.13532075051993347
PEPE,AL2,4,0 · — · — · —,268 · 50 · -0.02 · -0.28,106 · 48 · -0.00 · -0.26,False,268,50.373134328358205,-0.024108393334878832,-0.27659664630152586,106,48.113207547169814,-0.004145287501468261
PEPE,AL2,8,0 · — · — · —,225 · 52 · +0.15 · -0.19,91 · 46 · +0.22 · -0.19,False,225,51.55555555555556,0.1538976303349813,-0.18610800031080835,91,46.15384615384615,0.2243473932667763
PEPE,AL2,24,0 · — · — · —,150 · 47 · +0.12 · -0.66,59 · 44 · -0.06 · -0.89,False,150,47.333333333333336,0.11981582127478525,-0.6550777401091032,59,44.06779661016949,-0.06131763914437615
PEPE,AL3,4,0 · — · — · —,32 · 66 · +0.56 · -0.20,11 · 45 · -0.68 · -1.45,False,32,65.625,0.5575963017922196,-0.19951384637728062,11,45.45454545454545,-0.6816131552246002
PEPE,AL3,8,0 · — · — · —,32 · 59 · +0.81 · -0.33,11 · 36 · -0.36 · -1.93,False,32,59.375,0.8055614149615892,-0.33027532630902423,11,36.36363636363637,-0.35978695455677345
PEPE,AL3,24,0 · — · — · —,31 · 52 · +0.78 · -0.67,11 · 36 · -0.13 · -2.26,False,31,51.61290322580645,0.777332579764341,-0.673458635738452,11,36.36363636363637,-0.12547705259094497
PEPE,SAT2,4,0 · — · — · —,265 · 52 · -0.07 · -0.32,129 · 47 · -0.24 · -0.61,False,265,52.075471698113205,-0.0702796818347707,-0.31960446111225826,129,46.51162790697674,-0.2422049757840509
PEPE,SAT2,8,0 · — · — · —,225 · 48 · -0.04 · -0.38,111 · 48 · -0.26 · -0.68,False,225,47.55555555555556,-0.044146802266614105,-0.37745359112229815,111,47.74774774774775,-0.2624403656002509
PEPE,SAT2,24,0 · — · — · —,158 · 56 · +0.29 · -0.35,78 · 54 · -0.25 · -1.55,False,158,55.69620253164557,0.28702763238512324,-0.34841252442982956,78,53.84615384615385,-0.24745539306521894
SHIB,AL2,4,222 · 44 · -0.06 · -0.38,466 · 48 · +0.17 · +0.02,180 · 46 · -0.00 · -0.14,False,466,48.283261802575105,0.16799742611911067,0.018810473564951066,180,45.55555555555556,-0.0035046641564435758
SHIB,AL2,8,185 · 45 · -0.02 · -0.30,375 · 45 · +0.05 · -0.15,150 · 41 · -0.31 · -0.53,False,375,44.53333333333334,0.04913428024930977,-0.1521893699352201,150,41.333333333333336,-0.30601801335944556
SHIB,AL2,24,129 · 46 · -0.35 · -1.25,238 · 49 · +0.42 · -0.01,94 · 48 · -0.09 · -0.49,False,238,48.739495798319325,0.4212796366857661,-0.007350632234695048,94,47.87234042553192,-0.09204219053024419
SHIB,AL3,4,33 · 45 · -0.16 · -1.43,52 · 60 · +0.33 · -0.46,21 · 62 · +0.11 · -0.67,False,52,59.61538461538461,0.3310774417753635,-0.46399023886883883,21,61.904761904761905,0.11192786115271411
SHIB,AL3,8,27 · 52 · +0.11 · -1.27,45 · 56 · +1.09 · -0.12,19 · 63 · -0.14 · -1.25,False,45,55.55555555555556,1.0916447128787161,-0.11779920700839591,19,63.1578947368421,-0.13572652845171387
SHIB,AL3,24,23 · 52 · -1.26 · -4.00,38 · 61 · +1.46 · +0.12,16 · 56 · -0.26 · -1.47,False,38,60.526315789473685,1.4595272030480844,0.11627059940118778,16,56.25,-0.25764011539817716
SHIB,SAT2,4,187 · 43 · -0.05 · -0.37,575 · 47 · -0.12 · -0.22,186 · 47 · -0.11 · -0.29,False,575,47.47826086956522,-0.11942355891730806,-0.22498659989195033,186,47.31182795698925,-0.10841847344199337
SHIB,SAT2,8,148 · 42 · -0.20 · -0.55,438 · 48 · -0.11 · -0.31,149 · 50 · -0.12 · -0.42,False,438,48.401826484018265,-0.10693964595213307,-0.31417172434818236,149,49.664429530201346,-0.1190428043282332
SHIB,SAT2,24,100 · 48 · -0.14 · -0.70,269 · 55 · +0.01 · -0.33,97 · 55 · +0.17 · -0.30,False,269,55.01858736059479,0.014916803339210303,-0.33406442698237176,97,54.63917525773196,0.16521470412909767
SUI,AL2,4,123 · 47 · -0.14 · -0.56,402 · 49 · +0.30 · +0.07,124 · 40 · +0.02 · -0.22,False,402,48.507462686567166,0.3010423659655499,0.07402891046076707,124,40.32258064516129,0.024039939706948614
SUI,AL2,8,107 · 49 · -0.19 · -0.60,324 · 46 · +0.29 · -0.04,105 · 40 · -0.06 · -0.41,False,324,45.67901234567901,0.2854110010931149,-0.03847387062372592,105,40.0,-0.061424914645408286
SUI,AL2,24,76 · 49 · +0.12 · -0.51,222 · 50 · +0.67 · +0.14,74 · 43 · -0.34 · -0.85,True,222,50.45045045045045,0.6730639301937134,0.14429269148632934,74,43.24324324324324,-0.3416953735857519
SUI,AL3,4,30 · 50 · -0.71 · -1.64,94 · 57 · +0.81 · +0.24,32 · 41 · -0.05 · -0.48,False,94,57.446808510638306,0.8082368148023463,0.23809027484294384,32,40.625,-0.054048232304904985
SUI,AL3,8,28 · 50 · -0.40 · -1.19,85 · 52 · +0.88 · +0.10,30 · 47 · -0.01 · -0.63,False,85,51.76470588235295,0.8839335977600978,0.09940065498197909,30,46.666666666666664,-0.014977560807789836
SUI,AL3,24,24 · 42 · -0.68 · -2.20,69 · 48 · +1.05 · -0.15,25 · 32 · -0.31 · -1.59,False,69,47.82608695652174,1.0523310019850212,-0.15080977433499773,25,32.0,-0.30508166040207507
SUI,SAT2,4,142 · 55 · -0.02 · -0.37,445 · 52 · -0.00 · -0.19,165 · 51 · -0.01 · -0.29,False,445,52.359550561797754,-0.0009028950437400507,-0.18938510886942236,165,50.90909090909091,-0.0124651243395211
SUI,SAT2,8,128 · 55 · +0.06 · -0.36,346 · 53 · +0.06 · -0.22,132 · 52 · +0.01 · -0.36,False,346,53.46820809248555,0.05894187160462405,-0.2219861611689229,132,52.27272727272727,0.009128011410690908
SUI,SAT2,24,86 · 55 · +0.02 · -1.14,223 · 57 · +0.49 · -0.08,91 · 49 · +0.19 · -0.60,False,223,56.502242152466366,0.4942383242641707,-0.07727286789943796,91,49.45054945054945,0.19345372212128067
SOL,AL2,4,209 · 43 · -0.26 · -0.75,311 · 56 · +0.20 · +0.04,73 · 52 · +0.19 · -0.15,False,311,55.948553054662376,0.2033176704735169,0.03718834830638543,73,52.054794520547944,0.185177655375058
SOL,AL2,8,166 · 54 · -0.22 · -0.81,216 · 56 · +0.29 · -0.01,51 · 53 · +0.20 · -0.45,False,216,56.018518518518526,0.2908505108644976,-0.012725617663074342,51,52.94117647058824,0.20314992477476404
SOL,AL2,24,115 · 45 · -0.25 · -1.38,136 · 54 · +0.53 · -0.13,33 · 45 · +0.05 · -1.53,False,136,54.41176470588235,0.5290745124126405,-0.12533341419796704,33,45.45454545454545,0.054952600675852684
SOL,AL3,4,62 · 40 · -0.41 · -1.65,61 · 61 · +0.67 · +0.13,14 · 43 · +0.24 · -0.12,False,61,60.65573770491803,0.6701041067629068,0.1347471153684355,14,42.857142857142854,0.2375013062692012
SOL,AL3,8,52 · 58 · -0.34 · -1.91,49 · 67 · +1.26 · +0.61,11 · 55 · +0.28 · -0.09,False,49,67.3469387755102,1.2562781535820875,0.6074436426256942,11,54.54545454545454,0.2839449521728569
SOL,AL3,24,40 · 50 · +0.57 · -1.32,41 · 61 · +1.06 · +0.27,7 · 71 · +1.86 · —,True,41,60.97560975609756,1.0562989604393305,0.2701325403902237,7,71.42857142857143,1.8599492970568132
SOL,SAT2,4,253 · 51 · +0.27 · -0.05,511 · 47 · -0.06 · -0.18,159 · 46 · -0.12 · -0.41,False,511,47.35812133072407,-0.06048946228983993,-0.1813233497272855,159,45.911949685534594,-0.12014450474124506
SOL,SAT2,8,196 · 57 · +0.54 · +0.06,321 · 45 · -0.02 · -0.20,98 · 41 · -0.18 · -0.59,False,321,45.17133956386293,-0.02427296514030549,-0.19545993511506052,98,40.816326530612244,-0.17791317461975045
SOL,SAT2,24,121 · 55 · +0.74 · -0.24,161 · 52 · -0.02 · -0.50,51 · 51 · -0.15 · -0.93,False,161,52.17391304347826,-0.01799595433994886,-0.5027018414459139,51,50.98039215686274,-0.1463209948063645
ZEC,AL2,4,273 · 51 · +0.24 · +0.06,499 · 49 · +0.03 · -0.13,119 · 41 · -0.21 · -0.58,False,499,49.298597194388776,0.02598785116942516,-0.1330164862957199,119,41.17647058823529,-0.2053875417513038
ZEC,AL2,8,218 · 55 · +0.18 · -0.10,398 · 46 · +0.12 · -0.18,100 · 37 · -0.45 · -1.07,False,398,45.7286432160804,0.11565489917888705,-0.1800058435316005,100,37.0,-0.4483092123205112
ZEC,AL2,24,146 · 51 · -0.37 · -0.96,269 · 50 · +0.64 · -0.10,76 · 41 · -0.25 · -1.46,False,269,50.18587360594795,0.6374103557457272,-0.1036645914643376,76,40.78947368421053,-0.2528745302224198
ZEC,AL3,4,97 · 58 · +0.37 · +0.10,203 · 52 · +0.31 · -0.04,41 · 39 · -0.76 · -1.31,False,203,52.21674876847291,0.30929560883433393,-0.03517050675109407,41,39.02439024390244,-0.7562749383699373
ZEC,AL3,8,79 · 62 · +0.42 · -0.12,172 · 51 · +0.49 · -0.15,39 · 36 · -1.37 · -2.43,False,172,51.162790697674424,0.4878993126767738,-0.1471830902068794,39,35.8974358974359,-1.3727299211574526
ZEC,AL3,24,60 · 55 · -0.30 · -1.46,128 · 53 · +0.93 · -0.36,33 · 36 · -1.48 · -3.41,False,128,53.125,0.931159743769344,-0.3552566088128523,33,36.36363636363637,-1.4774703102225386
ZEC,SAT2,4,247 · 53 · +0.12 · -0.10,279 · 51 · +0.03 · -0.21,92 · 49 · -0.09 · -0.41,False,279,51.25448028673835,0.031244116238184884,-0.21000692708857083,92,48.91304347826087,-0.09403291596543732
ZEC,SAT2,8,214 · 53 · +0.22 · -0.01,248 · 50 · -0.05 · -0.37,80 · 49 · -0.26 · -0.81,False,248,49.596774193548384,-0.05286019800483529,-0.3739017013159142,80,48.75,-0.25657021593269824
ZEC,SAT2,24,161 · 48 · +0.18 · -0.23,178 · 50 · -0.73 · -1.54,58 · 40 · -1.07 · -2.27,False,178,50.0,-0.727622408905523,-1.5379526770365808,58,39.6551724137931,-1.0693879160367747
XRP,AL2,4,45 · 40 · -0.02 · -0.41,311 · 56 · +0.30 · +0.10,66 · 52 · +0.11 · -0.16,False,311,55.62700964630225,0.30257476361073893,0.09648543184957327,66,51.515151515151516,0.10897395212108943
XRP,AL2,8,35 · 46 · +0.08 · -0.19,215 · 51 · +0.36 · +0.09,48 · 50 · +0.10 · -0.24,True,215,51.162790697674424,0.3621559943398301,0.08881007303164881,48,50.0,0.10027293464630216
XRP,AL2,24,26 · 42 · +0.38 · -0.66,131 · 56 · +1.34 · +0.65,28 · 46 · +0.06 · -1.21,True,131,55.72519083969466,1.3358152379238042,0.651345014850734,28,46.42857142857143,0.06153835358040648
XRP,AL3,4,3 · 0 · -2.40 · —,72 · 53 · +0.73 · +0.28,16 · 38 · +0.11 · -1.61,False,72,52.77777777777778,0.7331143001274271,0.2760652868768173,16,37.5,0.11003134771931222
XRP,AL3,8,3 · 33 · +0.16 · —,56 · 54 · +1.11 · +0.35,11 · 36 · +0.62 · -2.34,False,56,53.57142857142857,1.1137267545544518,0.3510637326668493,11,36.36363636363637,0.6219925893337488
XRP,AL3,24,3 · 0 · -0.97 · —,38 · 61 · +1.98 · +0.78,6 · 50 · +0.74 · —,False,38,60.526315789473685,1.9807550693634755,0.7804432180893746,6,50.0,0.7439410138804108
XRP,SAT2,4,55 · 47 · +0.08 · -0.10,471 · 48 · +0.06 · -0.06,165 · 50 · +0.04 · -0.13,False,471,47.77070063694268,0.0614095901873333,-0.05687030117782908,165,49.696969696969695,0.035126856019682816
XRP,SAT2,8,39 · 49 · +0.39 · +0.11,299 · 49 · +0.20 · -0.02,98 · 47 · -0.06 · -0.33,False,299,49.163879598662206,0.20261476974713757,-0.01649914617891914,98,46.93877551020408,-0.06491001219441331
XRP,SAT2,24,23 · 48 · -0.36 · -1.19,161 · 55 · +0.35 · -0.09,48 · 46 · -0.22 · -1.43,False,161,55.27950310559007,0.35279804568803874,-0.09128626682557751,48,45.83333333333333,-0.21831881424326177
UNI,AL2,4,279 · 52 · +0.07 · -0.14,508 · 53 · +0.27 · +0.13,154 · 53 · +0.25 · -0.01,True,508,52.95275590551181,0.265134883536351,0.12550714574018268,154,52.5974025974026,0.24654117938610684
UNI,AL2,8,227 · 45 · -0.02 · -0.37,415 · 51 · +0.14 · -0.08,131 · 52 · +0.13 · -0.23,False,415,51.08433734939759,0.14083021522076322,-0.08146841647890282,131,51.908396946564885,0.13440987282022043
UNI,AL2,24,154 · 48 · -0.01 · -0.68,289 · 52 · +0.77 · +0.25,95 · 61 · +1.15 · +0.36,False,289,52.24913494809689,0.765532247855612,0.24992068882281213,95,61.05263157894737,1.154766255750282
UNI,AL3,4,72 · 46 · -0.12 · -0.55,138 · 56 · +0.32 · +0.03,39 · 51 · +0.40 · -0.16,False,138,55.79710144927537,0.324584117228561,0.03118527140407676,39,51.28205128205128,0.4013388721726486
UNI,AL3,8,62 · 44 · -0.30 · -0.96,129 · 53 · +0.37 · -0.04,37 · 46 · +0.17 · -0.59,False,129,53.48837209302325,0.37357520290703994,-0.03925429450991427,37,45.94594594594595,0.16550611928544787
UNI,AL3,24,49 · 49 · +0.31 · -1.10,107 · 45 · +0.32 · -0.40,32 · 47 · +0.43 · -0.73,False,107,44.85981308411215,0.3150851222185401,-0.4015115814122769,32,46.875,0.4255385435939778
UNI,SAT2,4,241 · 51 · +0.09 · -0.16,509 · 51 · +0.03 · -0.11,151 · 54 · +0.15 · -0.08,False,509,51.47347740667977,0.03170102110318731,-0.1125570661966978,151,54.3046357615894,0.1518528563350934
UNI,SAT2,8,195 · 54 · +0.32 · -0.07,399 · 52 · +0.10 · -0.14,121 · 55 · +0.20 · -0.19,False,399,51.62907268170426,0.10287840139672365,-0.14032165153773177,121,54.54545454545454,0.1982217994142959
UNI,SAT2,24,128 · 47 · -0.49 · -1.16,251 · 52 · +0.26 · -0.25,81 · 53 · +0.18 · -0.69,False,251,51.79282868525896,0.2580253157773058,-0.24762645364538646,81,53.086419753086425,0.17839878296685738
PUMP,AL2,4,0 · — · — · —,178 · 48 · -0.04 · -0.40,141 · 49 · +0.04 · -0.30,False,178,47.752808988764045,-0.04015891913996509,-0.4039495318028655,141,48.93617021276596,0.04115553504895082
PUMP,AL2,8,0 · — · — · —,157 · 55 · +0.23 · -0.25,126 · 60 · +0.36 · -0.17,False,157,55.4140127388535,0.23245797864760473,-0.24642354270034872,126,59.523809523809526,0.3631116318775203
PUMP,AL2,24,0 · — · — · —,118 · 49 · -0.06 · -1.03,93 · 54 · +0.67 · -0.37,False,118,49.152542372881356,-0.058518764166886054,-1.0289370361393817,93,53.76344086021505,0.6706696573363695
PUMP,AL3,4,0 · — · — · —,49 · 45 · -0.17 · -0.91,33 · 39 · -0.42 · -1.10,False,49,44.89795918367347,-0.17471175457309537,-0.9120085728665542,33,39.39393939393939,-0.41610548801181574
PUMP,AL3,8,0 · — · — · —,47 · 47 · -0.29 · -1.35,32 · 47 · -0.60 · -1.46,False,47,46.808510638297875,-0.29171189057653646,-1.3529380069685204,32,46.875,-0.6035939349535517
PUMP,AL3,24,0 · — · — · —,42 · 43 · -1.19 · -2.61,28 · 43 · -0.67 · -2.23,False,42,42.857142857142854,-1.185450238612729,-2.606569554471021,28,42.857142857142854,-0.6703306884016164
PUMP,SAT2,4,0 · — · — · —,180 · 48 · +0.21 · -0.12,135 · 47 · +0.10 · -0.35,False,180,48.333333333333336,0.21165493378832628,-0.12140062339509855,135,46.666666666666664,0.09537044439402492
PUMP,SAT2,8,0 · — · — · —,164 · 46 · -0.08 · -0.50,125 · 44 · -0.18 · -0.72,False,164,45.73170731707317,-0.08334840473510081,-0.5038426047367545,125,44.0,-0.18260498705233266
PUMP,SAT2,24,0 · — · — · —,115 · 50 · -0.03 · -0.88,89 · 49 · -0.39 · -1.36,False,115,50.43478260869565,-0.03133344652239705,-0.8785761754223594,89,49.43820224719101,-0.38610664665988803
AVAX,AL2,4,220 · 43 · -0.14 · -0.40,431 · 50 · +0.10 · -0.06,120 · 39 · -0.26 · -0.53,False,431,49.88399071925754,0.10043250915606916,-0.06105317408543291,120,39.166666666666664,-0.2590682708689065
AVAX,AL2,8,186 · 47 · -0.03 · -0.38,352 · 48 · +0.29 · +0.08,109 · 39 · -0.12 · -0.38,False,352,48.29545454545455,0.2930454296134896,0.07676751702891531,109,39.44954128440367,-0.11636913506918929
AVAX,AL2,24,134 · 43 · -0.41 · -1.19,239 · 49 · +0.31 · -0.16,79 · 44 · -0.26 · -0.78,False,239,49.37238493723849,0.3148868994550011,-0.1558950130786089,79,44.303797468354425,-0.2574381114784223
AVAX,AL3,4,46 · 48 · +0.19 · -0.55,95 · 55 · +0.53 · +0.13,24 · 29 · -0.22 · -0.53,True,95,54.736842105263165,0.5310862311409119,0.13359177399784375,24,29.166666666666668,-0.22436899966746504
AVAX,AL3,8,37 · 43 · -0.06 · -1.12,87 · 53 · +0.57 · +0.05,23 · 43 · -0.07 · -0.45,False,87,52.87356321839081,0.5726300511883692,0.05322631385750378,23,43.47826086956522,-0.06695382721077152
AVAX,AL3,24,30 · 40 · -1.27 · -3.26,73 · 55 · +0.53 · -0.29,21 · 43 · +0.09 · -1.28,False,73,54.794520547945204,0.533567989573049,-0.2947085151309118,21,42.857142857142854,0.09467102084944927
AVAX,SAT2,4,286 · 49 · -0.01 · -0.24,482 · 47 · -0.03 · -0.14,141 · 49 · +0.05 · -0.13,False,482,46.88796680497925,-0.03134938498122806,-0.13900154999373948,141,48.93617021276596,0.05025533876401001
AVAX,SAT2,8,232 · 55 · +0.06 · -0.35,374 · 48 · -0.04 · -0.26,117 · 50 · +0.14 · -0.29,False,374,48.39572192513369,-0.04311570450179085,-0.26243299145561033,117,49.572649572649574,0.1366382206348033
AVAX,SAT2,24,150 · 57 · +0.23 · -0.52,228 · 51 · +0.23 · -0.15,79 · 53 · +0.26 · -0.43,False,228,51.31578947368421,0.22896861640622565,-0.1503409680858424,79,53.16455696202531,0.26080669199599943
MET,AL2,4,0 · — · — · —,213 · 53 · +0.17 · -0.02,165 · 55 · +0.22 · -0.03,False,213,52.58215962441315,0.1698162364109334,-0.023577237934481427,165,54.54545454545454,0.2181542119322902
MET,AL2,8,0 · — · — · —,180 · 47 · +0.02 · -0.27,140 · 49 · +0.23 · -0.11,False,180,47.22222222222222,0.019190361359554403,-0.2666677292312472,140,49.28571428571429,0.22839055734608202
MET,AL2,24,0 · — · — · —,136 · 41 · +0.09 · -0.83,110 · 43 · +0.49 · -0.56,False,136,41.17647058823529,0.08501188303741336,-0.8310112924312562,110,42.72727272727273,0.49043831466117715
MET,AL3,4,0 · — · — · —,50 · 46 · +0.15 · -0.19,36 · 47 · +0.19 · -0.26,False,50,46.0,0.1463575003890739,-0.1868704799903043,36,47.22222222222222,0.18516447399750555
MET,AL3,8,0 · — · — · —,49 · 43 · +0.04 · -0.38,36 · 44 · +0.24 · -0.24,False,49,42.857142857142854,0.03630143492038389,-0.38220279066626184,36,44.44444444444444,0.2433978791935956
MET,AL3,24,0 · — · — · —,42 · 31 · -0.62 · -1.86,32 · 31 · +0.03 · -1.44,False,42,30.952380952380953,-0.6172871123572732,-1.8646405292070294,32,31.25,0.03289609292969047
MET,SAT2,4,0 · — · — · —,194 · 57 · +0.10 · -0.19,159 · 58 · +0.19 · -0.10,False,194,56.70103092783505,0.10420818523847517,-0.1876312962926033,159,58.490566037735846,0.1930383410411252
MET,SAT2,8,0 · — · — · —,165 · 59 · +0.28 · -0.18,136 · 55 · +0.24 · -0.28,False,165,58.78787878787879,0.2848896819112027,-0.17920588798201373,136,55.14705882352941,0.24156594477906768
MET,SAT2,24,0 · — · — · —,109 · 50 · -0.10 · -0.94,89 · 49 · -0.23 · -1.12,False,109,49.54128440366973,-0.09830534613058083,-0.9365284679172452,89,49.43820224719101,-0.2310137811619321
SAND,AL2,4,242 · 48 · -0.00 · -0.22,517 · 47 · +0.01 · -0.12,186 · 44 · -0.05 · -0.26,False,517,46.808510638297875,0.012983283313264362,-0.11931031150336571,186,44.086021505376344,-0.04811663022440812
SAND,AL2,8,207 · 50 · +0.13 · -0.27,426 · 48 · +0.12 · -0.12,159 · 42 · -0.12 · -0.34,False,426,47.88732394366197,0.11559864595439492,-0.12131102172569454,159,42.138364779874216,-0.12194615037832357
SAND,AL2,24,151 · 50 · -0.20 · -0.77,280 · 52 · +0.50 · -0.10,110 · 43 · +0.25 · -0.48,False,280,52.5,0.5005404455043693,-0.09714405608688483,110,42.72727272727273,0.2534300562954376
SAND,AL3,4,58 · 59 · +0.19 · -0.34,142 · 54 · +0.28 · -0.05,55 · 51 · +0.05 · -0.33,False,142,54.22535211267606,0.2772991668625914,-0.04529640641445297,55,50.90909090909091,0.04648647459642798
SAND,AL3,8,52 · 48 · +0.00 · -0.83,130 · 49 · +0.16 · -0.33,53 · 40 · -0.45 · -0.88,False,130,49.23076923076923,0.15665288154286336,-0.3347997622776872,53,39.62264150943396,-0.4537237180482576
SAND,AL3,24,42 · 48 · -0.32 · -1.52,98 · 50 · +0.88 · -0.23,41 · 44 · +0.17 · -1.57,False,98,50.0,0.881753267334662,-0.2272779832354679,41,43.90243902439025,0.1688541548790099
SAND,SAT2,4,245 · 48 · -0.15 · -0.37,534 · 47 · -0.08 · -0.25,174 · 51 · +0.03 · -0.20,False,534,47.19101123595505,-0.07915469784251374,-0.24572560085430437,174,50.57471264367817,0.03165055068036032
SAND,SAT2,8,204 · 47 · -0.14 · -0.41,425 · 49 · -0.12 · -0.36,148 · 53 · +0.13 · -0.20,False,425,49.1764705882353,-0.11594012635651872,-0.35829653575692755,148,52.702702702702695,0.12760866409270455
SAND,SAT2,24,145 · 52 · +0.12 · -0.40,278 · 55 · +0.03 · -0.47,100 · 57 · +0.02 · -0.60,False,278,54.67625899280576,0.027284737076151915,-0.4661332810996654,100,56.99999999999999,0.020808275810272253
ENA,AL2,4,0 · — · — · —,242 · 52 · +0.35 · +0.08,152 · 51 · +0.23 · -0.09,False,242,51.652892561983464,0.35211881463405964,0.07539120067929682,152,50.6578947368421,0.2259494082797913
ENA,AL2,8,0 · — · — · —,207 · 52 · +0.30 · -0.09,128 · 52 · +0.21 · -0.24,False,207,51.690821256038646,0.3038143452392546,-0.09438693774550273,128,52.34375,0.21183896927262358
ENA,AL2,24,0 · — · — · —,145 · 48 · +0.65 · -0.12,91 · 44 · +0.52 · -0.43,False,145,47.58620689655172,0.6501726159548853,-0.11516847352100593,91,43.956043956043956,0.5224962864147104
ENA,AL3,4,0 · — · — · —,58 · 47 · +0.86 · +0.18,32 · 50 · +0.71 · -0.01,False,58,46.55172413793103,0.8632546186196175,0.18229335540599173,32,50.0,0.7109570823079716
ENA,AL3,8,0 · — · — · —,55 · 56 · +0.93 · -0.00,32 · 62 · +1.00 · +0.10,False,55,56.36363636363636,0.9314998141423694,-0.0014172953570753461,32,62.5,1.0005825481814528
ENA,AL3,24,0 · — · — · —,50 · 50 · +1.94 · +0.11,29 · 45 · +2.31 · +0.03,False,50,50.0,1.9361310501622149,0.10569932869091911,29,44.827586206896555,2.309274694327073
ENA,SAT2,4,0 · — · — · —,211 · 47 · -0.20 · -0.45,121 · 53 · -0.05 · -0.33,False,211,46.91943127962085,-0.19706589910372185,-0.4488633840894143,121,52.892561983471076,-0.045251896434241205
ENA,SAT2,8,0 · — · — · —,193 · 52 · -0.02 · -0.43,115 · 54 · +0.05 · -0.37,False,193,52.331606217616574,-0.0165014132046751,-0.42627384286136716,115,53.91304347826087,0.05092549415859801
ENA,SAT2,24,0 · — · — · —,138 · 49 · -0.07 · -0.86,81 · 52 · -0.02 · -0.95,False,138,48.55072463768116,-0.0728986328710432,-0.8611102292500975,81,51.85185185185185,-0.024539824873478746
WLD,AL2,4,0 · — · — · —,261 · 48 · +0.01 · -0.22,153 · 46 · -0.10 · -0.36,False,261,47.89272030651341,0.009133456913475694,-0.22397388373438445,153,46.40522875816993,-0.10436625248863932
WLD,AL2,8,0 · — · — · —,231 · 47 · +0.04 · -0.29,135 · 46 · +0.07 · -0.27,False,231,47.18614718614719,0.04426383927142313,-0.2925950269730784,135,45.925925925925924,0.07357901402278899
WLD,AL2,24,0 · — · — · —,162 · 49 · +0.49 · -0.28,91 · 53 · +0.53 · -0.18,False,162,49.382716049382715,0.4912764265497257,-0.27659130779056046,91,52.74725274725275,0.5304211384193831
WLD,AL3,4,0 · — · — · —,61 · 44 · -0.24 · -0.68,36 · 39 · -0.64 · -1.03,False,61,44.26229508196721,-0.23976247146416294,-0.6818077483415517,36,38.88888888888889,-0.6441331730809758
WLD,AL3,8,0 · — · — · —,58 · 48 · +0.13 · -0.67,34 · 44 · -0.03 · -1.07,False,58,48.275862068965516,0.13272835009213793,-0.6717096859484684,34,44.11764705882353,-0.0282240197672966
WLD,AL3,24,0 · — · — · —,51 · 43 · +0.21 · -1.25,30 · 40 · -0.94 · -2.35,False,51,43.13725490196079,0.20627988300462186,-1.2456149696027752,30,40.0,-0.9383299485714952
WLD,SAT2,4,0 · — · — · —,246 · 48 · -0.08 · -0.29,148 · 50 · -0.04 · -0.31,False,246,48.3739837398374,-0.07777853384383471,-0.28872790975803,148,50.0,-0.0443370543665505
WLD,SAT2,8,0 · — · — · —,213 · 49 · +0.03 · -0.41,126 · 52 · -0.09 · -0.57,False,213,49.29577464788733,0.029539667025177418,-0.4093477195005098,126,51.587301587301596,-0.09104400409826255
WLD,SAT2,24,0 · — · — · —,152 · 51 · -0.38 · -1.41,89 · 49 · -0.39 · -1.38,False,152,51.31578947368421,-0.3790603129800429,-1.4112853105985712,89,49.43820224719101,-0.3879198001917823
QNT,AL2,4,245 · 53 · +0.02 · -0.23,532 · 48 · -0.08 · -0.21,171 · 46 · -0.07 · -0.30,False,532,47.556390977443606,-0.07584662275405428,-0.21330237589042697,171,46.198830409356724,-0.07338860553357461
QNT,AL2,8,212 · 48 · +0.01 · -0.23,467 · 46 · -0.07 · -0.27,145 · 48 · +0.12 · -0.25,False,467,45.610278372591004,-0.06657981257408387,-0.27439221367357214,145,48.275862068965516,0.12200795715237382
QNT,AL2,24,150 · 55 · +0.61 · -0.16,318 · 46 · -0.06 · -0.44,95 · 48 · +0.33 · -0.35,False,318,46.22641509433962,-0.06324657267584997,-0.4406604410969169,95,48.421052631578945,0.33444854124618695
QNT,AL3,4,54 · 46 · -0.42 · -1.31,131 · 53 · +0.03 · -0.30,52 · 46 · -0.30 · -0.65,False,131,52.67175572519084,0.034592405621338716,-0.3004031436427634,52,46.15384615384615,-0.3008417256320941
QNT,AL3,8,48 · 42 · -0.16 · -0.79,126 · 51 · +0.27 · -0.20,50 · 50 · +0.05 · -0.45,False,126,50.79365079365079,0.26527377293995935,-0.196027360881846,50,50.0,0.046233080455403974
QNT,AL3,24,40 · 42 · -0.63 · -2.50,108 · 54 · +0.39 · -0.22,41 · 56 · +0.62 · -0.13,False,108,53.70370370370371,0.3949152911616383,-0.22445101265071765,41,56.09756097560976,0.6248803975484594
QNT,SAT2,4,264 · 47 · -0.34 · -0.64,479 · 54 · +0.03 · -0.12,148 · 51 · -0.07 · -0.33,False,479,53.65344467640919,0.027898431085990463,-0.11550218271965419,148,50.67567567567568,-0.0660937464603288
QNT,SAT2,8,217 · 51 · -0.13 · -0.55,418 · 54 · -0.00 · -0.29,134 · 53 · -0.29 · -0.93,False,418,54.066985645933016,-0.001099123865310399,-0.28774067393670777,134,52.98507462686567,-0.28895877041274787
QNT,SAT2,24,150 · 51 · -0.50 · -1.24,297 · 55 · -0.27 · -0.90,100 · 55 · -0.88 · -2.29,False,297,55.218855218855225,-0.2655113632388692,-0.8980430814634377,100,55.00000000000001,-0.8844005650624225
TAO,AL2,4,0 · — · — · —,226 · 53 · +0.19 · -0.06,123 · 49 · +0.05 · -0.30,False,226,53.09734513274337,0.19494792780214543,-0.059433326425464374,123,48.78048780487805,0.047723497576589155
TAO,AL2,8,0 · — · — · —,178 · 51 · +0.27 · -0.14,100 · 42 · +0.23 · -0.34,False,178,51.12359550561798,0.26792061779500326,-0.1413320884806107,100,42.0,0.22814343422567343
TAO,AL2,24,0 · — · — · —,126 · 44 · -0.08 · -0.92,71 · 39 · -0.47 · -1.41,False,126,44.44444444444444,-0.0778525310700203,-0.9208802648587063,71,39.436619718309856,-0.4706992362872269
TAO,AL3,4,0 · — · — · —,70 · 63 · +0.65 · +0.27,34 · 53 · +0.00 · -0.45,False,70,62.857142857142854,0.6505454699823894,0.27473470086948354,34,52.94117647058824,0.001087623508595251
TAO,AL3,8,0 · — · — · —,60 · 60 · +0.70 · +0.08,32 · 50 · +0.05 · -0.73,False,60,60.0,0.6974413838622686,0.08422312857995402,32,50.0,0.049845574218907805
TAO,AL3,24,0 · — · — · —,47 · 55 · +0.70 · -0.19,26 · 54 · +0.32 · -0.70,False,47,55.319148936170215,0.7031649400641683,-0.18654908274479048,26,53.84615384615385,0.32205958715432736
TAO,SAT2,4,0 · — · — · —,190 · 51 · -0.00 · -0.21,121 · 50 · -0.01 · -0.27,False,190,51.05263157894737,-0.00358577255152631,-0.21285562521456328,121,50.413223140495866,-0.012823919405781014
TAO,SAT2,8,0 · — · — · —,163 · 50 · +0.03 · -0.37,108 · 53 · -0.02 · -0.53,False,163,50.306748466257666,0.025737597426064195,-0.3656302104087118,108,52.77777777777778,-0.01735014748668778
TAO,SAT2,24,0 · — · — · —,121 · 56 · +0.09 · -0.76,78 · 55 · -0.44 · -1.60,False,121,56.19834710743802,0.08758300970493711,-0.7641904283071327,78,55.12820512820513,-0.4398306513746997
LTC,AL2,4,193 · 48 · -0.02 · -0.22,334 · 51 · +0.09 · -0.04,85 · 42 · -0.11 · -0.39,False,334,50.898203592814376,0.09124079021176346,-0.03901528676853112,85,42.35294117647059,-0.11241347256627907
LTC,AL2,8,147 · 47 · +0.01 · -0.25,246 · 54 · +0.24 · +0.02,63 · 41 · -0.11 · -0.56,True,246,54.0650406504065,0.2398064235608704,0.02333276382119771,63,41.269841269841265,-0.10906154947523093
LTC,AL2,24,107 · 41 · -0.37 · -0.90,159 · 55 · +0.00 · -0.62,44 · 43 · -0.13 · -0.81,False,159,54.71698113207547,0.0048164968085248555,-0.6178719464166341,44,43.18181818181818,-0.13319472423308076
LTC,AL3,4,54 · 46 · +0.02 · -0.50,80 · 49 · +0.17 · -0.14,17 · 35 · -0.41 · -0.83,False,80,48.75,0.1748585502388518,-0.14487107869552981,17,35.294117647058826,-0.41122408223696305
LTC,AL3,8,41 · 49 · +0.37 · -0.20,72 · 62 · +0.50 · -0.00,16 · 50 · -0.20 · -1.05,False,72,62.5,0.50191426503621,-0.000663063421217042,16,50.0,-0.20046611435550224
LTC,AL3,24,33 · 52 · +0.08 · -1.53,54 · 65 · -0.36 · -1.76,11 · 64 · +0.37 · -1.06,False,54,64.81481481481481,-0.35837152407312256,-1.7554963522716245,11,63.63636363636363,0.36952215466976135
LTC,SAT2,4,235 · 46 · +0.15 · -0.10,497 · 46 · -0.03 · -0.18,178 · 52 · +0.16 · +0.01,False,497,45.87525150905433,-0.032786950985239836,-0.1798112081409293,178,52.24719101123596,0.15738514894348524
LTC,SAT2,8,172 · 44 · +0.20 · -0.23,345 · 45 · -0.04 · -0.26,123 · 46 · +0.07 · -0.14,False,345,44.927536231884055,-0.037247646677775074,-0.2566162033385581,123,46.34146341463415,0.07286950554643623
LTC,SAT2,24,108 · 49 · +0.19 · -0.45,192 · 50 · -0.09 · -0.53,69 · 55 · +0.10 · -0.47,False,192,50.0,-0.08832501310159073,-0.5261233295122314,69,55.072463768115945,0.10109833673984238
RAY,AL2,4,0 · — · — · —,117 · 54 · +0.19 · -0.19,117 · 54 · +0.19 · -0.19,False,117,53.84615384615385,0.18501625333951344,-0.1931724669477858,117,53.84615384615385,0.18501625333951344
RAY,AL2,8,0 · — · — · —,104 · 60 · +0.40 · +0.04,104 · 60 · +0.40 · +0.04,False,104,59.61538461538461,0.403605556843207,0.044919943061772695,104,59.61538461538461,0.403605556843207
RAY,AL2,24,0 · — · — · —,84 · 58 · +0.74 · -0.23,84 · 58 · +0.74 · -0.23,False,84,58.333333333333336,0.7435965674678988,-0.2288605262811675,84,58.333333333333336,0.7435965674678988
RAY,AL3,4,0 · — · — · —,38 · 58 · -0.23 · -0.72,38 · 58 · -0.23 · -0.72,False,38,57.89473684210527,-0.22549650868378932,-0.7199019446384478,38,57.89473684210527,-0.22549650868378932
RAY,AL3,8,0 · — · — · —,37 · 57 · -0.14 · -0.59,37 · 57 · -0.14 · -0.59,False,37,56.75675675675676,-0.13857734896877444,-0.589855185901728,37,56.75675675675676,-0.13857734896877444
RAY,AL3,24,0 · — · — · —,35 · 49 · -0.64 · -1.83,35 · 49 · -0.64 · -1.83,False,35,48.57142857142857,-0.643325344042318,-1.825670801763963,35,48.57142857142857,-0.643325344042318
RAY,SAT2,4,0 · — · — · —,116 · 50 · -0.13 · -0.47,116 · 50 · -0.13 · -0.47,False,116,50.0,-0.12681896835668688,-0.46698466769644315,116,50.0,-0.12681896835668688
RAY,SAT2,8,0 · — · — · —,107 · 56 · +0.08 · -0.34,107 · 56 · +0.08 · -0.34,False,107,56.074766355140184,0.07745931940637732,-0.33921865360600834,107,56.074766355140184,0.07745931940637732
RAY,SAT2,24,0 · — · — · —,80 · 55 · +0.21 · -0.75,80 · 55 · +0.21 · -0.75,False,80,55.00000000000001,0.2060235472186522,-0.7464230808984648,80,55.00000000000001,0.2060235472186522
AAVE,AL2,4,243 · 42 · -0.17 · -0.32,528 · 54 · +0.21 · +0.06,166 · 54 · +0.15 · -0.17,False,528,53.59848484848485,0.20589710536740727,0.05570143819026013,166,54.21686746987952,0.14938412552898056
AAVE,AL2,8,213 · 49 · +0.07 · -0.19,431 · 51 · +0.25 · +0.03,137 · 51 · +0.22 · -0.23,True,431,50.580046403712295,0.2530501149611669,0.02952812327715916,137,51.09489051094891,0.2157331007180299
AAVE,AL2,24,161 · 49 · +0.40 · -0.17,285 · 54 · +0.59 · +0.10,91 · 56 · +0.69 · -0.24,True,285,54.03508771929825,0.5881975614758816,0.09528507376397292,91,56.043956043956044,0.6899535876767063
AAVE,AL3,4,53 · 36 · -0.29 · -0.93,128 · 54 · +0.35 · -0.02,42 · 57 · +0.22 · -0.47,False,128,53.90625,0.34843030250014995,-0.015065716002949394,42,57.14285714285714,0.2165261311905548
AAVE,AL3,8,47 · 49 · -0.01 · -1.09,119 · 56 · +0.71 · +0.22,39 · 56 · +0.52 · -0.52,False,119,56.30252100840336,0.7113762812834069,0.2168048240541607,39,56.41025641025641,0.5178960858086981
AAVE,AL3,24,39 · 44 · -0.19 · -1.74,96 · 51 · +0.18 · -0.71,35 · 49 · +0.00 · -1.63,False,96,51.041666666666664,0.18068470703862347,-0.7135876914548778,35,48.57142857142857,0.0030990291079082055
AAVE,SAT2,4,240 · 47 · +0.04 · -0.19,538 · 48 · -0.09 · -0.24,169 · 51 · +0.02 · -0.25,False,538,47.95539033457249,-0.09373312943318186,-0.24272977458512476,169,50.887573964497044,0.023134392268869167
AAVE,SAT2,8,200 · 50 · +0.12 · -0.36,427 · 48 · -0.21 · -0.44,139 · 50 · -0.16 · -0.56,False,427,47.540983606557376,-0.2114259637068951,-0.4382573630565098,139,50.35971223021583,-0.15644725450847405
AAVE,SAT2,24,135 · 47 · +0.28 · -0.62,278 · 47 · -0.22 · -0.70,92 · 50 · -0.16 · -1.10,False,278,47.482014388489205,-0.21614162757640334,-0.700869062631358,92,50.0,-0.1587128958132387
ONDO,AL2,4,0 · — · — · —,258 · 49 · +0.11 · -0.11,137 · 44 · +0.11 · -0.22,False,258,49.224806201550386,0.1058775572471179,-0.11052746354600629,137,43.79562043795621,0.11468870166640836
ONDO,AL2,8,0 · — · — · —,218 · 51 · +0.24 · -0.08,120 · 52 · +0.26 · -0.24,False,218,50.917431192660544,0.2379656639725626,-0.07848274970138382,120,51.66666666666667,0.26313086006098685
ONDO,AL2,24,0 · — · — · —,150 · 53 · +0.48 · -0.15,80 · 56 · +1.17 · +0.30,False,150,52.666666666666664,0.4800066896693123,-0.1467204266362425,80,56.25,1.16940368274015
ONDO,AL3,4,0 · — · — · —,63 · 49 · +0.13 · -0.33,36 · 47 · +0.09 · -0.54,False,63,49.2063492063492,0.12549126556572412,-0.33471255518632514,36,47.22222222222222,0.09101333504370993
ONDO,AL3,8,0 · — · — · —,58 · 52 · +0.46 · -0.22,33 · 61 · +0.62 · -0.37,False,58,51.724137931034484,0.46082250741256864,-0.21921938374134053,33,60.60606060606061,0.616521992023528
ONDO,AL3,24,0 · — · — · —,50 · 54 · +0.76 · -0.13,28 · 50 · +0.51 · -0.78,False,50,54.0,0.756628449055637,-0.12511629984033662,28,50.0,0.509300588852449
ONDO,SAT2,4,0 · — · — · —,197 · 45 · -0.14 · -0.35,104 · 44 · -0.12 · -0.42,False,197,45.17766497461929,-0.13944005974714554,-0.34666246064175754,104,44.230769230769226,-0.11529263166906523
ONDO,SAT2,8,0 · — · — · —,162 · 48 · +0.01 · -0.32,91 · 47 · -0.02 · -0.45,False,162,48.148148148148145,0.010984476700763397,-0.3238876879171732,91,47.25274725274725,-0.020695830759193096
ONDO,SAT2,24,0 · — · — · —,112 · 56 · -0.10 · -0.74,67 · 54 · -0.09 · -0.98,False,112,56.25,-0.104947722528561,-0.7415688067149371,67,53.73134328358209,-0.08784369386367973
ORCA,AL2,4,0 · — · — · —,311 · 48 · -0.03 · -0.31,135 · 47 · -0.00 · -0.40,False,311,47.58842443729904,-0.03321835113262641,-0.31270351290569987,135,47.40740740740741,-0.0021603752789418743
ORCA,AL2,8,0 · — · — · —,269 · 46 · -0.20 · -0.60,119 · 43 · -0.19 · -0.68,False,269,46.468401486988846,-0.19958528745567766,-0.5966520532612709,119,42.857142857142854,-0.18560217018466615
ORCA,AL2,24,0 · — · — · —,189 · 50 · +0.00 · -0.88,85 · 59 · +1.54 · +0.14,False,189,50.264550264550266,0.0039469112104962385,-0.8765017588730118,85,58.82352941176471,1.540325504769281
ORCA,AL3,4,0 · — · — · —,111 · 47 · -0.17 · -0.64,42 · 48 · -0.07 · -0.50,False,111,46.846846846846844,-0.16679911517552193,-0.6445726686984843,42,47.61904761904761,-0.07026379278534664
ORCA,AL3,8,0 · — · — · —,102 · 48 · -0.25 · -1.07,39 · 59 · +0.94 · +0.10,False,102,48.03921568627451,-0.24629405828993367,-1.0713943667755979,39,58.97435897435898,0.9399195059976427
ORCA,AL3,24,0 · — · — · —,86 · 55 · +0.33 · -1.06,37 · 59 · +2.82 · +0.57,False,86,54.65116279069767,0.33351892869060984,-1.0611788767082513,37,59.45945945945946,2.8154652492950913
ORCA,SAT2,4,0 · — · — · —,270 · 56 · +0.06 · -0.31,142 · 60 · +0.44 · +0.11,False,270,55.925925925925924,0.06471697439319002,-0.3130333276114834,142,59.859154929577464,0.4431283694318475
ORCA,SAT2,8,0 · — · — · —,238 · 55 · -0.09 · -0.62,129 · 54 · -0.39 · -1.03,False,238,55.04201680672269,-0.09476182962519676,-0.6204003182525336,129,54.263565891472865,-0.39162313848341507
ORCA,SAT2,24,0 · — · — · —,176 · 48 · -0.63 · -1.41,99 · 43 · -1.24 · -2.30,False,176,47.72727272727273,-0.6282957218040573,-1.4130824359584548,99,43.43434343434344,-1.2431447121380284
PAXG,AL2,4,0 · — · — · —,157 · 46 · +0.00 · -0.06,94 · 43 · -0.03 · -0.11,False,157,46.496815286624205,0.0037526153569082646,-0.06080710186382418,94,42.5531914893617,-0.025451635038296568
PAXG,AL2,8,0 · — · — · —,133 · 44 · -0.03 · -0.11,80 · 42 · -0.08 · -0.21,False,133,44.3609022556391,-0.02837313053431839,-0.11460670518814672,80,42.5,-0.0845878099626386
PAXG,AL2,24,0 · — · — · —,98 · 51 · +0.24 · +0.05,61 · 54 · +0.29 · +0.00,False,98,51.02040816326531,0.23616861140918968,0.04715856905066858,61,54.09836065573771,0.290028452531462
PAXG,AL3,4,0 · — · — · —,55 · 45 · -0.00 · -0.08,29 · 34 · -0.04 · -0.17,False,55,45.45454545454545,-0.004295079253065514,-0.08237882742853823,29,34.48275862068966,-0.03958951914610105
PAXG,AL3,8,0 · — · — · —,49 · 41 · -0.07 · -0.16,26 · 27 · -0.17 · -0.30,False,49,40.816326530612244,-0.06749173461879675,-0.16234821098019236,26,26.923076923076923,-0.16995751913232363
PAXG,AL3,24,0 · — · — · —,45 · 42 · -0.01 · -0.28,25 · 44 · -0.08 · -0.52,False,45,42.22222222222222,-0.01126488470349165,-0.2809424921992142,25,44.0,-0.08480235768108453
PAXG,SAT2,4,0 · — · — · —,253 · 40 · -0.05 · -0.14,146 · 42 · -0.05 · -0.18,False,253,39.920948616600796,-0.049395167916573716,-0.1365623670358451,146,41.78082191780822,-0.04762042111308464
PAXG,SAT2,8,0 · — · — · —,196 · 42 · -0.04 · -0.18,110 · 44 · -0.02 · -0.25,False,196,41.83673469387755,-0.03974973919412245,-0.17681083961500754,110,43.63636363636363,-0.016064129020536968
PAXG,SAT2,24,0 · — · — · —,136 · 48 · +0.05 · -0.18,71 · 51 · +0.13 · -0.24,False,136,47.794117647058826,0.048123362569244314,-0.18425743867321603,71,50.70422535211267,0.1305630650449457
HBAR,AL2,4,78 · 50 · +0.25 · -0.31,410 · 49 · +0.08 · -0.08,157 · 43 · -0.12 · -0.27,False,410,48.536585365853654,0.07530943591675576,-0.08061496951093988,157,43.31210191082803,-0.12263115897629946
HBAR,AL2,8,69 · 48 · +0.28 · -0.28,337 · 51 · +0.09 · -0.14,129 · 50 · -0.14 · -0.36,False,337,50.74183976261127,0.0910926557074158,-0.14326485187139334,129,49.6124031007752,-0.13744635527477977
HBAR,AL2,24,53 · 64 · +0.81 · -0.08,226 · 49 · +0.26 · -0.30,92 · 50 · +0.08 · -0.39,False,226,48.67256637168141,0.2576757075739744,-0.2951926402933964,92,50.0,0.0777820235676912
HBAR,AL3,4,19 · 53 · +0.50 · -1.21,82 · 55 · +0.53 · -0.18,33 · 36 · -0.51 · -1.37,False,82,54.87804878048781,0.5283930735375479,-0.18285681812036444,33,36.36363636363637,-0.5073230652867645
HBAR,AL3,8,16 · 56 · +0.76 · -0.80,76 · 53 · +0.79 · -0.10,31 · 45 · -0.69 · -1.45,False,76,52.63157894736842,0.7885377459445694,-0.10124340680676291,31,45.16129032258064,-0.6905676594378473
HBAR,AL3,24,10 · 80 · +2.66 · -0.36,68 · 47 · +0.46 · -0.73,26 · 50 · +0.35 · -0.47,False,68,47.05882352941176,0.4554354476788286,-0.7284781187262725,26,50.0,0.3498323485309306
HBAR,SAT2,4,194 · 54 · +0.16 · -0.02,509 · 51 · -0.06 · -0.19,186 · 53 · +0.01 · -0.20,False,509,50.884086444007856,-0.055631276645895206,-0.1890713744396963,186,53.2258064516129,0.012257948089854939
HBAR,SAT2,8,156 · 47 · -0.10 · -0.32,392 · 52 · +0.03 · -0.24,139 · 58 · +0.19 · -0.13,False,392,51.78571428571429,0.0283023720523079,-0.24005572082540244,139,57.55395683453237,0.1927374520086182
HBAR,SAT2,24,106 · 45 · -0.44 · -1.01,242 · 54 · +0.12 · -0.37,87 · 64 · +0.73 · +0.16,False,242,54.132231404958674,0.11666509631957248,-0.3702906416020888,87,64.36781609195403,0.7346777980895184
STRK,AL2,4,0 · — · — · —,455 · 48 · +0.08 · -0.11,104 · 43 · +0.17 · -0.18,False,455,48.13186813186813,0.08455065224895235,-0.11142916416571819,104,43.269230769230774,0.17039505477023698
STRK,AL2,8,0 · — · — · —,385 · 51 · +0.25 · -0.10,90 · 48 · +0.68 · +0.07,False,385,50.649350649350644,0.2484684215758145,-0.09813396865302487,90,47.77777777777778,0.6785106754603214
STRK,AL2,24,0 · — · — · —,263 · 50 · +0.06 · -0.56,60 · 52 · +0.69 · -0.29,False,263,49.80988593155893,0.056907327823696494,-0.5634043383328218,60,51.66666666666667,0.6865043624215945
STRK,AL3,4,0 · — · — · —,77 · 51 · +0.54 · -0.08,13 · 31 · +0.11 · -1.78,False,77,50.649350649350644,0.5434205867489196,-0.08192710760092571,13,30.76923076923077,0.10887191202091104
STRK,AL3,8,0 · — · — · —,70 · 51 · +0.84 · -0.05,12 · 50 · +1.83 · -0.84,False,70,51.42857142857142,0.8443712064100594,-0.05236129413605377,12,50.0,1.8276849041876024
STRK,AL3,24,0 · — · — · —,61 · 56 · +2.28 · +0.69,12 · 58 · +3.69 · -0.92,False,61,55.73770491803278,2.279182508068227,0.6881528624828752,12,58.333333333333336,3.6930856639641934
STRK,SAT2,4,0 · — · — · —,455 · 47 · -0.06 · -0.19,120 · 42 · -0.39 · -0.67,False,455,47.03296703296703,-0.06420538988897967,-0.1911700183983752,120,42.5,-0.3894960048664914
STRK,SAT2,8,0 · — · — · —,382 · 49 · +0.06 · -0.21,104 · 38 · -0.73 · -1.35,False,382,49.47643979057592,0.0579471892187772,-0.206930214199617,104,38.46153846153847,-0.7312191022485014
STRK,SAT2,24,0 · — · — · —,255 · 55 · +0.56 · +0.05,72 · 47 · +0.26 · -1.02,False,255,54.509803921568626,0.5583799303279491,0.050160194867143425,72,47.22222222222222,0.25880645737639213
XLM,AL2,4,229 · 49 · -0.13 · -0.35,400 · 47 · +0.12 · -0.06,133 · 44 · -0.05 · -0.27,False,400,46.75,0.11596469825505054,-0.06276934380810986,133,44.3609022556391,-0.05306105996477071
XLM,AL2,8,187 · 53 · +0.03 · -0.24,319 · 46 · +0.10 · -0.15,107 · 40 · -0.07 · -0.42,False,319,45.76802507836991,0.0974487995099587,-0.14981022643825495,107,40.18691588785047,-0.07353972516016333
XLM,AL2,24,127 · 49 · -0.22 · -0.73,205 · 52 · +1.26 · +0.52,66 · 48 · +0.52 · -0.23,False,205,52.19512195121951,1.262807004007746,0.5229164586526338,66,48.484848484848484,0.5240144056216294
XLM,AL3,4,65 · 45 · -0.12 · -0.59,77 · 56 · +0.34 · -0.04,18 · 50 · +0.09 · -0.43,False,77,55.84415584415584,0.341856239945555,-0.038119991339256656,18,50.0,0.09296686554421386
XLM,AL3,8,53 · 47 · -0.24 · -0.89,67 · 60 · +0.25 · -0.19,15 · 53 · -0.18 · -1.08,False,67,59.70149253731343,0.2524028118161673,-0.18773293506387462,15,53.333333333333336,-0.17796709881142087
XLM,AL3,24,42 · 52 · -0.83 · -2.19,57 · 54 · +0.59 · -0.34,10 · 20 · -0.16 · -1.26,False,57,54.385964912280706,0.5887518365202687,-0.3358341918206195,10,20.0,-0.16327905692160338
XLM,SAT2,4,127 · 50 · +0.19 · -0.09,463 · 48 · -0.30 · -0.48,174 · 46 · -0.36 · -0.67,False,463,48.16414686825054,-0.29850261389295607,-0.4797778513721424,174,45.97701149425287,-0.3616085964371779
XLM,SAT2,8,113 · 55 · +0.57 · +0.04,343 · 54 · -0.30 · -0.59,129 · 53 · -0.36 · -0.79,False,343,53.93586005830904,-0.2999106167802285,-0.5902748673618164,129,52.71317829457365,-0.3640951255537684
XLM,SAT2,24,78 · 56 · +0.93 · -0.05,205 · 55 · -0.60 · -1.29,81 · 58 · -0.02 · -1.06,False,205,55.1219512195122,-0.597883591689964,-1.290275960176948,81,58.0246913580247,-0.019044052898507396
FET,AL2,4,252 · 51 · +0.21 · -0.13,466 · 49 · +0.11 · -0.08,162 · 46 · -0.04 · -0.30,False,466,49.141630901287556,0.10977650215876322,-0.07542194478686015,162,45.67901234567901,-0.04156730914371087
FET,AL2,8,212 · 47 · +0.08 · -0.45,378 · 48 · +0.10 · -0.15,135 · 44 · +0.02 · -0.37,False,378,48.41269841269841,0.09964137844930437,-0.153174213095899,135,44.44444444444444,0.017389972768747406
FET,AL2,24,153 · 48 · +0.62 · -0.40,269 · 50 · +0.37 · -0.21,98 · 49 · +0.57 · -0.09,False,269,50.18587360594795,0.3700794585027507,-0.20922255710825494,98,48.97959183673469,0.5705158684386252
FET,AL3,4,66 · 50 · +0.59 · -0.15,107 · 50 · +0.24 · -0.31,52 · 52 · -0.10 · -0.56,False,107,50.467289719626166,0.24363851706717987,-0.3055235269446187,52,51.92307692307693,-0.0968528721256239
FET,AL3,8,56 · 48 · +0.05 · -1.29,94 · 47 · +0.53 · -0.31,46 · 48 · +0.54 · -0.23,False,94,46.808510638297875,0.5274235318586845,-0.31407173905606456,46,47.82608695652174,0.5381416324790661
FET,AL3,24,48 · 46 · -0.22 · -2.03,84 · 50 · +0.87 · -0.24,41 · 54 · +1.05 · +0.00,False,84,50.0,0.8715380544966584,-0.23935390949074964,41,53.65853658536586,1.0516520946023957
FET,SAT2,4,229 · 49 · -0.04 · -0.34,426 · 51 · +0.08 · -0.16,140 · 51 · -0.24 · -0.56,False,426,50.93896713615024,0.07756984222217152,-0.15901742767623336,140,50.71428571428571,-0.2388445780654843
FET,SAT2,8,186 · 50 · +0.08 · -0.51,359 · 50 · -0.02 · -0.43,125 · 46 · -0.35 · -0.75,False,359,49.86072423398329,-0.016733329861783244,-0.42882416933193,125,45.6,-0.3495275325593966
FET,SAT2,24,134 · 54 · -0.06 · -0.94,237 · 54 · +0.07 · -0.58,88 · 51 · -0.70 · -1.67,False,237,54.43037974683544,0.06639709183569512,-0.5770670177778688,88,51.13636363636363,-0.6950428060516204
ZRO,AL2,4,0 · — · — · —,475 · 48 · -0.13 · -0.31,161 · 49 · -0.13 · -0.50,False,475,48.0,-0.12631393616457498,-0.3127434405738467,161,49.06832298136646,-0.12968111824145767
ZRO,AL2,8,0 · — · — · —,404 · 46 · -0.15 · -0.43,143 · 43 · -0.12 · -0.75,False,404,45.54455445544555,-0.14782484247654654,-0.43483421363428876,143,43.35664335664335,-0.12352207600854971
ZRO,AL2,24,0 · — · — · —,287 · 46 · -0.02 · -0.60,108 · 45 · +0.47 · -0.67,False,287,45.64459930313589,-0.01761561953743964,-0.5980962678900474,108,45.370370370370374,0.47015724521729363
ZRO,AL3,4,0 · — · — · —,153 · 47 · -0.24 · -0.60,61 · 48 · -0.24 · -0.70,False,153,47.05882352941176,-0.239392250709334,-0.6011237427312892,61,47.540983606557376,-0.2406920513269112
ZRO,AL3,8,0 · — · — · —,143 · 44 · -0.26 · -0.81,57 · 35 · -0.13 · -0.97,False,143,44.05594405594406,-0.2636414741524531,-0.8134703312296112,57,35.08771929824561,-0.1308461263161578
ZRO,AL3,24,0 · — · — · —,123 · 38 · -0.22 · -1.00,49 · 35 · +0.05 · -1.50,False,123,38.21138211382114,-0.21964393752664962,-0.9995928994758329,49,34.69387755102041,0.05465247896096631
ZRO,SAT2,4,0 · — · — · —,440 · 52 · +0.09 · -0.09,156 · 51 · +0.16 · -0.13,False,440,52.27272727272727,0.08637589109083518,-0.0865420404473217,156,51.28205128205128,0.16477519103693133
ZRO,SAT2,8,0 · — · — · —,371 · 49 · -0.27 · -0.57,140 · 51 · -0.25 · -0.81,False,371,48.517520215633425,-0.2747742371645439,-0.5743556463831408,140,51.42857142857142,-0.2473306052589863
ZRO,SAT2,24,0 · — · — · —,264 · 55 · -0.18 · -0.86,99 · 49 · -0.33 · -1.56,False,264,54.54545454545454,-0.18299589246214693,-0.8595542412620191,99,49.494949494949495,-0.32665784284604826
OGN,AL2,4,328 · 48 · +0.10 · -0.17,552 · 48 · -0.18 · -0.34,126 · 44 · -0.27 · -0.60,False,552,48.369565217391305,-0.17828226211355766,-0.34343328986718463,126,43.65079365079365,-0.2747922924043429
OGN,AL2,8,285 · 48 · +0.32 · -0.08,494 · 49 · -0.09 · -0.31,115 · 42 · -0.36 · -0.75,False,494,48.78542510121457,-0.08994692418821769,-0.31002039836317113,115,41.73913043478261,-0.356530619581571
OGN,AL2,24,201 · 50 · +0.30 · -0.41,354 · 46 · -0.41 · -0.88,79 · 41 · -0.79 · -1.45,False,354,46.04519774011299,-0.4112638519516495,-0.8755412382279902,79,40.50632911392405,-0.7882444867964501
OGN,AL3,4,88 · 45 · +0.12 · -0.39,149 · 48 · -0.27 · -0.66,31 · 42 · -0.63 · -1.48,False,149,47.651006711409394,-0.2684029332123716,-0.6635595294163598,31,41.935483870967744,-0.6315723406751353
OGN,AL3,8,80 · 41 · -0.18 · -0.93,142 · 46 · -0.23 · -0.66,30 · 33 · -0.97 · -1.98,False,142,45.774647887323944,-0.23474525605700325,-0.6617442194985875,30,33.33333333333333,-0.9739072303132628
OGN,AL3,24,66 · 36 · -1.31 · -2.37,127 · 49 · -0.10 · -0.92,29 · 45 · -1.22 · -2.37,False,127,48.818897637795274,-0.10317880418120365,-0.9170859441820072,29,44.827586206896555,-1.2185305951410197
OGN,SAT2,4,310 · 51 · +0.02 · -0.35,581 · 51 · +0.16 · +0.00,148 · 55 · +0.30 · +0.07,True,581,50.77452667814114,0.15783800633033396,0.00018097361348451996,148,55.4054054054054,0.2966334341653961
OGN,SAT2,8,270 · 49 · +0.24 · -0.14,489 · 52 · +0.21 · +0.01,130 · 53 · +0.53 · +0.22,True,489,51.738241308793455,0.2085900086927359,0.01221490355494098,130,53.07692307692308,0.5295843488136525
OGN,SAT2,24,197 · 47 · -0.07 · -0.83,337 · 50 · +0.17 · -0.23,93 · 55 · +1.04 · +0.38,False,337,50.14836795252226,0.1719445776851766,-0.22510960624468057,93,54.83870967741935,1.035292384890688
W,AL2,4,0 · — · — · —,233 · 39 · -0.29 · -0.52,161 · 39 · -0.24 · -0.49,False,233,39.48497854077253,-0.293364199097156,-0.5237341827413856,161,39.130434782608695,-0.23913241245393266
W,AL2,8,0 · — · — · —,201 · 46 · -0.10 · -0.52,139 · 45 · +0.04 · -0.38,False,201,46.26865671641791,-0.09865822903094275,-0.5203192952440394,139,45.32374100719424,0.03560496341946133
W,AL2,24,0 · — · — · —,137 · 43 · -0.24 · -0.85,95 · 40 · -0.19 · -0.92,False,137,43.06569343065693,-0.2369350850455627,-0.8505593025112297,95,40.0,-0.19452641771119214
W,AL3,4,0 · — · — · —,57 · 44 · -0.06 · -0.60,32 · 41 · -0.02 · -0.37,False,57,43.859649122807014,-0.06485980440445781,-0.6009325225673111,32,40.625,-0.01597540955919275
W,AL3,8,0 · — · — · —,53 · 47 · +0.28 · -0.68,31 · 52 · +0.27 · -0.48,False,53,47.16981132075472,0.27918324130799754,-0.6796470142039677,31,51.61290322580645,0.272548162606934
W,AL3,24,0 · — · — · —,45 · 47 · +0.15 · -0.89,27 · 48 · +0.55 · -0.87,False,45,46.666666666666664,0.1507416502414169,-0.8875229507302154,27,48.148148148148145,0.554190030181707
W,SAT2,4,0 · — · — · —,191 · 50 · +0.18 · -0.07,137 · 50 · +0.13 · -0.16,False,191,49.73821989528796,0.1830967374965435,-0.06994338259357788,137,49.63503649635037,0.12634574214479596
W,SAT2,8,0 · — · — · —,173 · 54 · +0.21 · -0.09,123 · 55 · +0.19 · -0.14,False,173,54.33526011560693,0.20682884151623898,-0.0868201063065002,123,55.28455284552846,0.19150638739676087
W,SAT2,24,0 · — · — · —,128 · 45 · +0.13 · -0.60,89 · 47 · +0.19 · -0.69,False,128,44.53125,0.1303654868550399,-0.5967005169517209,89,47.19101123595505,0.19238513223709078
ALGO,AL2,4,224 · 49 · -0.22 · -0.60,482 · 46 · -0.02 · -0.20,140 · 43 · -0.03 · -0.28,False,482,46.47302904564315,-0.015952729549826995,-0.1974432916095486,140,42.857142857142854,-0.02791418498018656
ALGO,AL2,8,184 · 48 · -0.16 · -0.54,412 · 48 · +0.10 · -0.14,125 · 43 · +0.09 · -0.27,False,412,47.57281553398058,0.10095223814438645,-0.13707764036728057,125,43.2,0.08790215693975231
ALGO,AL2,24,127 · 46 · +0.15 · -0.52,282 · 47 · +0.43 · -0.02,93 · 43 · +0.05 · -0.65,False,282,47.16312056737589,0.4289736815917146,-0.01812165677992152,93,43.01075268817204,0.0549693709846072
ALGO,AL3,4,64 · 45 · -0.16 · -0.89,102 · 54 · +0.53 · +0.14,31 · 45 · +0.03 · -0.43,False,102,53.92156862745098,0.5266904634688306,0.14327606972278653,31,45.16129032258064,0.026819900301943814
ALGO,AL3,8,54 · 52 · -0.15 · -1.19,93 · 55 · +0.71 · +0.28,30 · 43 · +0.28 · -0.41,False,93,54.83870967741935,0.7062744007196737,0.28423888640679906,30,43.333333333333336,0.2771649228040753
ALGO,AL3,24,43 · 56 · +0.06 · -1.83,80 · 54 · +1.02 · +0.27,28 · 39 · +0.17 · -1.15,True,80,53.75,1.0156684508267646,0.27148645939658583,28,39.285714285714285,0.17106162893265223
ALGO,SAT2,4,258 · 51 · +0.08 · -0.15,445 · 51 · -0.14 · -0.28,139 · 53 · +0.00 · -0.18,False,445,51.460674157303366,-0.14388176311847695,-0.27620646303133567,139,53.23741007194245,0.0004093114437111743
ALGO,SAT2,8,214 · 50 · +0.32 · -0.15,365 · 46 · -0.25 · -0.47,119 · 47 · -0.07 · -0.42,False,365,46.3013698630137,-0.24876201740259962,-0.47489095846110296,119,47.05882352941176,-0.06864363323990914
ALGO,SAT2,24,134 · 51 · +0.34 · -0.61,255 · 50 · -0.20 · -0.79,87 · 53 · +0.02 · -0.64,False,255,49.80392156862745,-0.20300235533846803,-0.7878040778031599,87,52.87356321839081,0.01820258524925524
PENGU,AL2,4,0 · — · — · —,300 · 45 · -0.03 · -0.32,158 · 46 · -0.00 · -0.28,False,300,44.666666666666664,-0.031772319195591286,-0.3221337548977787,158,45.56962025316456,-0.004706148701951057
PENGU,AL2,8,0 · — · — · —,262 · 46 · +0.28 · -0.21,138 · 49 · +0.20 · -0.19,False,262,46.18320610687023,0.2781475193062854,-0.21367956652736023,138,48.55072463768116,0.20245630247439533
PENGU,AL2,24,0 · — · — · —,187 · 43 · +0.13 · -0.74,95 · 42 · +0.28 · -0.67,False,187,43.31550802139038,0.12530822411680592,-0.7437398927795044,95,42.10526315789473,0.2792072603581565
PENGU,AL3,4,0 · — · — · —,78 · 50 · -0.21 · -0.60,43 · 51 · +0.11 · -0.23,False,78,50.0,-0.20560003848604136,-0.5953639368110574,43,51.162790697674424,0.11162710281417937
PENGU,AL3,8,0 · — · — · —,74 · 51 · -0.31 · -0.88,41 · 54 · +0.37 · -0.19,False,74,51.35135135135135,-0.3073390247129612,-0.8758543626576236,41,53.65853658536586,0.3741571496238804
PENGU,AL3,24,0 · — · — · —,68 · 46 · +0.97 · -0.48,38 · 47 · +1.60 · -0.09,False,68,45.588235294117645,0.9709350518796848,-0.4844981021450555,38,47.368421052631575,1.599591466093652
PENGU,SAT2,4,0 · — · — · —,310 · 49 · +0.07 · -0.21,169 · 50 · +0.10 · -0.16,False,310,49.03225806451613,0.06861623634487651,-0.20969070470708417,169,50.29585798816568,0.09739620183597454
PENGU,SAT2,8,0 · — · — · —,262 · 55 · +0.17 · -0.24,144 · 57 · +0.22 · -0.19,False,262,54.58015267175572,0.1713518572755878,-0.2390589717520642,144,56.94444444444444,0.2158930696578468
PENGU,SAT2,24,0 · — · — · —,171 · 57 · +0.08 · -0.69,96 · 59 · +0.23 · -0.80,False,171,57.30994152046783,0.07784175782511231,-0.6920711940661313,96,59.375,0.23384368119998108
FIL,AL2,4,201 · 50 · +0.22 · -0.05,427 · 49 · +0.18 · -0.05,121 · 45 · +0.02 · -0.30,False,427,48.94613583138173,0.17722197317618074,-0.05006000969693814,121,45.45454545454545,0.022848003005588754
FIL,AL2,8,175 · 56 · +0.47 · +0.05,356 · 51 · +0.37 · +0.03,103 · 46 · +0.23 · -0.29,True,356,51.12359550561798,0.37053344574268327,0.03036014007275369,103,45.63106796116505,0.2343667238916732
FIL,AL2,24,130 · 52 · +0.48 · -0.57,237 · 46 · +0.42 · -0.27,70 · 41 · -0.63 · -1.44,False,237,45.9915611814346,0.4195769775083768,-0.2704466841197959,70,41.42857142857143,-0.6308627908280234
FIL,AL3,4,63 · 52 · +0.20 · -0.42,130 · 50 · +0.21 · -0.42,34 · 41 · +0.03 · -0.54,False,130,50.0,0.20921138257208102,-0.42225283585522,34,41.17647058823529,0.0284861384470715
FIL,AL3,8,50 · 64 · +0.78 · -0.00,120 · 50 · +0.48 · -0.34,34 · 41 · -0.03 · -0.82,False,120,50.0,0.4822190575112858,-0.34374665690862893,34,41.17647058823529,-0.030843337753422066
FIL,AL3,24,39 · 67 · +1.35 · -0.67,99 · 49 · +0.57 · -0.68,28 · 46 · -0.51 · -1.98,False,99,49.494949494949495,0.5675273947970403,-0.682312950032281,28,46.42857142857143,-0.5125624936525512
FIL,SAT2,4,220 · 48 · +0.01 · -0.27,375 · 52 · +0.12 · -0.08,139 · 50 · +0.18 · -0.24,False,375,51.733333333333334,0.11940851452330743,-0.08375457680755696,139,50.35971223021583,0.1844430535034881
FIL,SAT2,8,190 · 47 · -0.25 · -0.63,324 · 51 · +0.04 · -0.24,122 · 52 · -0.23 · -0.76,False,324,51.23456790123457,0.03818350792440197,-0.2384998339545313,122,52.459016393442624,-0.23368808126231289
FIL,SAT2,24,136 · 49 · -0.11 · -0.96,216 · 47 · -0.16 · -0.72,83 · 43 · -0.59 · -1.34,False,216,47.22222222222222,-0.15846211371594504,-0.7152812241889289,83,43.373493975903614,-0.5948320324577943
TRUMP,AL2,4,0 · — · — · —,289 · 43 · -0.12 · -0.31,133 · 46 · -0.17 · -0.40,False,289,42.90657439446367,-0.11983034453445646,-0.30968168663395007,133,45.86466165413533,-0.17025589213833092
TRUMP,AL2,8,0 · — · — · —,247 · 45 · -0.15 · -0.45,117 · 48 · -0.21 · -0.56,False,247,45.34412955465587,-0.15055726407861514,-0.4484014113044593,117,47.863247863247864,-0.20919921393867907
TRUMP,AL2,24,0 · — · — · —,176 · 40 · -0.73 · -1.18,86 · 40 · -0.63 · -1.16,False,176,40.340909090909086,-0.7276064975257901,-1.1800217894161398,86,39.53488372093023,-0.6338707181343652
TRUMP,AL3,4,0 · — · — · —,33 · 42 · -0.56 · -1.55,19 · 58 · -0.74 · -2.61,False,33,42.42424242424242,-0.562819209268236,-1.548896151053665,19,57.89473684210527,-0.7358238243171761
TRUMP,AL3,8,0 · — · — · —,31 · 35 · -0.94 · -2.14,18 · 44 · -0.94 · -2.69,False,31,35.483870967741936,-0.9413588153472365,-2.137331798044894,18,44.44444444444444,-0.9442868589896927
TRUMP,AL3,24,0 · — · — · —,30 · 37 · +0.38 · -2.43,18 · 33 · +1.92 · -2.17,False,30,36.666666666666664,0.38373405005934375,-2.4312493075314636,18,33.33333333333333,1.9156907779243872
TRUMP,SAT2,4,0 · — · — · —,290 · 51 · -0.01 · -0.15,140 · 55 · +0.05 · -0.13,False,290,51.37931034482759,-0.0069745806721546065,-0.14612244776656805,140,55.00000000000001,0.04593331160613399
TRUMP,SAT2,8,0 · — · — · —,244 · 55 · +0.16 · -0.06,121 · 59 · +0.11 · -0.20,False,244,54.91803278688525,0.16431117900975314,-0.05944022905869094,121,58.67768595041323,0.112060981091582
TRUMP,SAT2,24,0 · — · — · —,165 · 48 · +0.11 · -0.40,87 · 48 · +0.19 · -0.44,False,165,48.484848484848484,0.11469474661188978,-0.39987759341750145,87,48.275862068965516,0.18860729811262886
CRV,AL2,4,257 · 48 · +0.13 · -0.15,533 · 48 · +0.08 · -0.09,176 · 41 · -0.11 · -0.30,False,533,47.84240150093809,0.08417995004005846,-0.08570306682506416,176,41.47727272727273,-0.11215498559609166
CRV,AL2,8,219 · 45 · -0.00 · -0.35,460 · 50 · +0.24 · -0.00,152 · 43 · -0.26 · -0.59,False,460,50.0,0.23689859695127327,-0.004560468174217921,152,42.76315789473684,-0.26127619573735716
CRV,AL2,24,155 · 50 · +0.06 · -0.68,327 · 50 · +0.50 · +0.07,110 · 47 · +0.25 · -0.23,True,327,49.54128440366973,0.5039559980608781,0.06597226641177431,110,47.27272727272727,0.24596543402050294
CRV,AL3,4,83 · 46 · +0.29 · -0.23,166 · 51 · +0.27 · -0.02,59 · 42 · +0.05 · -0.33,False,166,51.204819277108435,0.2718941985765049,-0.021039416490255772,59,42.3728813559322,0.05005598254083461
CRV,AL3,8,74 · 42 · +0.08 · -0.48,159 · 55 · +0.58 · +0.18,55 · 45 · +0.33 · -0.32,True,159,54.71698113207547,0.5792704278657783,0.17506557093216096,55,45.45454545454545,0.32627160226004287
CRV,AL3,24,57 · 47 · +0.92 · -0.48,137 · 47 · +0.58 · -0.20,47 · 38 · -0.11 · -1.32,False,137,47.44525547445255,0.5787929173304918,-0.2006322519773931,47,38.297872340425535,-0.10797957150733735
CRV,SAT2,4,296 · 54 · +0.03 · -0.24,503 · 50 · -0.00 · -0.20,163 · 50 · -0.16 · -0.44,False,503,50.09940357852882,-0.004886247712576977,-0.20485052292458758,163,49.693251533742334,-0.15672955642260278
CRV,SAT2,8,245 · 56 · +0.12 · -0.39,429 · 47 · -0.21 · -0.49,141 · 47 · -0.44 · -0.88,False,429,47.086247086247084,-0.21430909771051887,-0.48896949955492586,141,46.808510638297875,-0.44093141666480906
CRV,SAT2,24,168 · 52 · +0.11 · -0.72,297 · 54 · -0.21 · -0.75,101 · 51 · -0.46 · -1.04,False,297,54.20875420875421,-0.20762256791202502,-0.7512171145551445,101,51.48514851485149,-0.4578701541254188
MINA,AL2,4,244 · 48 · +0.08 · -0.17,454 · 50 · +0.01 · -0.20,126 · 53 · +0.03 · -0.25,False,454,50.22026431718062,0.012584920612466048,-0.1997357528440825,126,53.17460317460318,0.02640751180963236
MINA,AL2,8,204 · 50 · +0.16 · -0.26,392 · 52 · +0.06 · -0.25,117 · 55 · +0.24 · -0.26,False,392,52.295918367346935,0.06452723823813492,-0.24553721262865055,117,54.700854700854705,0.2431103539034362
MINA,AL2,24,144 · 44 · -0.06 · -0.83,266 · 47 · +0.11 · -0.51,73 · 44 · +0.22 · -1.20,False,266,46.616541353383454,0.10676927502648395,-0.5134174347996946,73,43.83561643835616,0.22486171588815426
MINA,AL3,4,49 · 55 · +0.80 · +0.15,107 · 46 · -0.14 · -0.69,50 · 44 · -0.44 · -0.89,False,107,45.794392523364486,-0.13532346017237726,-0.6922082469411889,50,44.0,-0.43789257240730123
MINA,AL3,8,44 · 55 · +0.00 · -0.89,103 · 52 · +0.06 · -0.46,48 · 48 · -0.92 · -1.56,False,103,52.42718446601942,0.06142958993498959,-0.4586429784349545,48,47.91666666666667,-0.9191230474523061
MINA,AL3,24,39 · 44 · -0.76 · -2.74,85 · 42 · -0.88 · -1.99,39 · 38 · -1.62 · -3.74,False,85,42.35294117647059,-0.8814796165657733,-1.9904931055398378,39,38.46153846153847,-1.6172046076631141
MINA,SAT2,4,271 · 53 · +0.05 · -0.27,311 · 51 · -0.02 · -0.18,74 · 49 · -0.04 · -0.28,False,311,50.80385852090033,-0.017503084943243333,-0.1751158736082303,74,48.64864864864865,-0.03984015951606642
MINA,SAT2,8,231 · 53 · +0.25 · -0.25,271 · 52 · +0.21 · -0.04,66 · 45 · -0.23 · -0.86,False,271,51.66051660516605,0.20595321051852924,-0.04307547256055338,66,45.45454545454545,-0.2345423404006829
MINA,SAT2,24,154 · 55 · +0.46 · -0.23,196 · 48 · +0.09 · -0.45,49 · 47 · -1.13 · -2.33,False,196,48.46938775510204,0.0852522878230726,-0.45085220237057977,49,46.93877551020408,-1.130136304038065
INJ,AL2,4,290 · 54 · +0.60 · +0.27,446 · 44 · -0.29 · -0.47,123 · 41 · -0.28 · -0.52,False,446,44.17040358744394,-0.29461160077059306,-0.4734302279221924,123,41.46341463414634,-0.28009470003310655
INJ,AL2,8,225 · 56 · +0.79 · +0.18,363 · 45 · -0.24 · -0.48,105 · 43 · -0.11 · -0.48,False,363,45.17906336088154,-0.24360303679652032,-0.4828718624567444,105,42.857142857142854,-0.10901940262328885
INJ,AL2,24,144 · 58 · +2.11 · +1.13,242 · 47 · +0.08 · -0.49,72 · 50 · +0.65 · -0.16,False,242,46.69421487603306,0.08198092690849931,-0.49393482136800143,72,50.0,0.6490466082228934
INJ,AL3,4,104 · 58 · +0.78 · +0.13,122 · 52 · +0.27 · -0.15,46 · 46 · +0.01 · -0.31,False,122,51.63934426229508,0.26645087177744026,-0.15091587500957662,46,45.65217391304348,0.01279059385330707
INJ,AL3,8,87 · 51 · +1.02 · +0.01,110 · 43 · +0.35 · -0.22,42 · 36 · -0.22 · -0.73,False,110,42.72727272727273,0.35453608135973846,-0.21595323037863234,42,35.714285714285715,-0.21508519544447136
INJ,AL3,24,71 · 58 · +2.25 · +0.91,92 · 48 · +0.96 · +0.06,34 · 44 · +0.55 · -0.51,True,92,47.82608695652174,0.9628724778343121,0.06484688733248604,34,44.11764705882353,0.5485382931141101
INJ,SAT2,4,93 · 51 · +0.01 · -0.77,212 · 53 · +0.02 · -0.19,76 · 55 · +0.03 · -0.33,False,212,52.83018867924528,0.01777994055319432,-0.19272310345223612,76,55.26315789473685,0.03383026697095728
INJ,SAT2,8,83 · 46 · +0.08 · -0.90,181 · 48 · -0.18 · -0.55,70 · 47 · -0.03 · -0.63,False,181,48.06629834254144,-0.18438466466280584,-0.5503662112254966,70,47.14285714285714,-0.03326590221996078
INJ,SAT2,24,68 · 47 · -0.81 · -1.99,129 · 53 · -0.02 · -0.96,51 · 57 · -0.28 · -1.77,False,129,53.48837209302325,-0.01901057987168878,-0.955250759761212,51,56.86274509803921,-0.28121528597941653
RLC,AL2,4,351 · 53 · +0.22 · -0.08,606 · 50 · -0.12 · -0.27,153 · 50 · -0.09 · -0.34,False,606,49.834983498349835,-0.12095864376171557,-0.26611247726260157,153,50.326797385620914,-0.08514447041212517
RLC,AL2,8,301 · 51 · +0.17 · -0.16,535 · 50 · -0.05 · -0.27,139 · 52 · +0.11 · -0.24,False,535,50.467289719626166,-0.05190505542878938,-0.2661182470524958,139,51.798561151079134,0.10956580669703418
RLC,AL2,24,203 · 50 · -0.13 · -0.87,378 · 48 · +0.07 · -0.49,103 · 42 · +0.22 · -1.02,False,378,48.41269841269841,0.06624300958601358,-0.4863406013791532,103,41.74757281553398,0.2170081400551898
RLC,AL3,4,95 · 51 · +0.49 · -0.03,178 · 52 · -0.22 · -0.57,42 · 48 · -0.50 · -1.21,False,178,52.24719101123596,-0.21700334611674654,-0.5660433202164006,42,47.61904761904761,-0.49812984958951506
RLC,AL3,8,88 · 57 · +0.78 · +0.12,168 · 55 · -0.07 · -0.49,41 · 51 · -0.66 · -1.35,False,168,55.35714285714286,-0.0748786046282073,-0.49391689842887404,41,51.21951219512195,-0.6577777962414609
RLC,AL3,24,73 · 53 · +0.81 · -0.65,139 · 48 · +0.15 · -0.70,36 · 31 · -1.78 · -3.00,False,139,48.201438848920866,0.1531521783738297,-0.7026545424637409,36,30.555555555555557,-1.7752288387785957
RLC,SAT2,4,302 · 48 · -0.03 · -0.26,546 · 49 · -0.04 · -0.23,125 · 55 · +0.03 · -0.28,False,546,49.26739926739927,-0.04208252406775804,-0.22504017238716692,125,55.2,0.03495239872561338
RLC,SAT2,8,265 · 44 · -0.22 · -0.53,490 · 48 · -0.18 · -0.50,113 · 52 · -0.18 · -0.68,False,490,48.16326530612245,-0.17747570461721301,-0.4988547397291207,113,52.21238938053098,-0.17876533757702573
RLC,SAT2,24,193 · 49 · -0.18 · -0.80,355 · 50 · -0.03 · -0.63,91 · 47 · -0.70 · -1.98,False,355,49.859154929577464,-0.03363094901431592,-0.633173565223198,91,47.25274725274725,-0.6986303835859261
POL,AL2,4,0 · — · — · —,355 · 48 · -0.13 · -0.27,135 · 47 · -0.15 · -0.36,False,355,48.45070422535211,-0.12540365928709168,-0.26735640450679593,135,47.40740740740741,-0.15036927771215658
POL,AL2,8,0 · — · — · —,301 · 45 · -0.13 · -0.33,117 · 44 · -0.14 · -0.50,False,301,45.182724252491695,-0.13224824710232513,-0.32901523483021067,117,44.44444444444444,-0.14140488564140072
POL,AL2,24,0 · — · — · —,219 · 44 · -0.25 · -0.64,89 · 43 · -0.21 · -0.78,False,219,44.29223744292237,-0.24968019492587465,-0.641878371402733,89,42.69662921348314,-0.2055724578124391
POL,AL3,4,0 · — · — · —,85 · 46 · +0.12 · -0.29,40 · 35 · -0.25 · -0.69,False,85,45.88235294117647,0.12184312982002396,-0.28640450406781676,40,35.0,-0.24602488440568945
POL,AL3,8,0 · — · — · —,80 · 46 · +0.10 · -0.42,38 · 39 · -0.05 · -0.87,False,80,46.25,0.10141502099803401,-0.4208122874226393,38,39.473684210526315,-0.054573535443595694
POL,AL3,24,0 · — · — · —,71 · 41 · -0.09 · -0.99,33 · 33 · -0.05 · -1.22,False,71,40.845070422535215,-0.09237578907175449,-0.9869067556025747,33,33.33333333333333,-0.04550281889167757
POL,SAT2,4,0 · — · — · —,350 · 51 · +0.08 · -0.10,108 · 48 · -0.09 · -0.26,False,350,51.42857142857142,0.07737472771732747,-0.09981071704357962,108,48.148148148148145,-0.08787200100017344
POL,SAT2,8,0 · — · — · —,293 · 47 · +0.05 · -0.20,99 · 43 · -0.39 · -0.79,False,293,47.098976109215016,0.046905392482589285,-0.2015425578867554,99,43.43434343434344,-0.38544001411550366
POL,SAT2,24,0 · — · — · —,200 · 48 · +0.12 · -0.35,71 · 41 · -0.88 · -1.69,False,200,47.5,0.11556241805811068,-0.3532601338166533,71,40.845070422535215,-0.884154734997618
