coin,kural,esik,saat,n,isabet,net,alt,n26,isabet26,net26,haftada
DOGE,AL3,3,24,66,62.121212121212125,2.255290216798535,1.0363338169928997,19,57.89473684210527,1.2250646268318444,0.456973293768546
XRP,AL2,2,24,131,56.48854961832062,1.581579386778273,0.8586999029655564,28,39.285714285714285,0.6469166562275044,0.9070227497527201
ADA,AL3,3,24,77,59.74025974025974,1.8538143194909233,0.6772990670613558,28,57.14285714285714,1.364973572482782,0.533135509396637
ALGO,AL3,3,24,80,51.24999999999999,1.4302422011280125,0.6671375291997383,28,42.857142857142854,0.5683581454190991,0.5539070227497528
NEAR,AL2,2,24,275,53.090909090909086,0.9209924687280177,0.4329192874770061,92,47.82608695652174,1.0440752621058493,1.904055390702275
ETH,AL3,3,24,39,58.97435897435898,1.315123835559024,0.37758538710209943,5,100.0,3.8817845701499993,0.27002967359050445
CRV,AL3,3,8,159,55.9748427672956,0.6849716149461283,0.3252678116869956,55,60.0,0.5586621254223223,1.1008902077151337
AVAX,AL3,3,4,95,64.21052631578948,0.6536072937125631,0.2743763929327005,24,70.83333333333334,0.641638585408885,0.6577645895153315
LINK,AL2,2,8,309,55.016181229773466,0.34390654551892375,0.13495683032143038,108,52.77777777777778,0.14283567862984592,2.13946587537092
BTC,AL2,2,24,115,58.26086956521739,0.5566963617242956,0.1248618032160981,25,56.00000000000001,0.5946804240821401,0.7962413452027696
UNI,AL2,2,4,508,50.78740157480315,0.2555396025881033,0.11427229342060569,154,50.649350649350644,0.25046520615592904,3.5173095944609303
AAVE,AL2,2,24,285,54.03508771929825,0.5645015977568195,0.10053765173195175,91,58.24175824175825,0.9186180549142329,1.9732937685459941
FIL,AL2,2,8,356,52.80898876404494,0.5027841226742733,0.0998809410319088,103,57.28155339805825,0.5509105882383126,2.4648862512363996
SOL,AL3,3,24,41,51.21951219512195,0.9535056082121058,0.05375679825681939,7,71.42857142857143,1.7090669541462897,0.2838773491592483
INJ,AL3,3,24,92,53.2608695652174,0.9553459049946036,0.02676946542391509,34,52.94117647058824,0.6389129010428367,0.6369930761622157
