coin,aile,tur,sinyal,filtre,H,24+_n,24+_isabet,24+_net,24+_haftada,26_n,26_isabet,26_net
DOGE,💵,💵 prim z ≥ 3 (24s),prim,—,24,66,62.121212121212125,2.255290216798535,0.456973293768546,19,57.89473684210527,1.2250646268318444
ADA,💵,💵 prim z ≥ 3 (24s),prim,—,24,77,59.74025974025974,1.8538143194909233,0.533135509396637,28,57.14285714285714,1.364973572482782
PEPE,🤝,🤝 ⭐,star,⛔ hariç,8,80,71.25,1.4726920985240224,0.6779661016949152,19,84.21052631578947,1.506033756725172
SUI,🤝,🤝 ⭐,star,yalnız ✅,8,41,75.60975609756098,1.431382990851593,0.36700767263427114,15,66.66666666666666,1.333373941563105
ETH,💵,💵 prim z ≥ 3 (24s),prim,—,24,39,58.97435897435898,1.315123835559024,0.27002967359050445,5,100.0,3.8817845701499993
SHIB,🧪,🧪 24 saat Çok güçlü ↑,d24,ham,24,202,58.415841584158414,1.0115225315093994,1.3986152324431258,47,61.702127659574465,0.8714468479156494
SHIB,🤝,🤝 ⭐,star,⛔ hariç,8,102,64.70588235294117,0.962710730560643,0.7062314540059348,25,60.0,0.6453186641980707
ADA,🧪,🧪 24 saat Çok güçlü ↑,d24,yalnız ✅,24,138,60.14492753623188,0.9174944162368774,0.9554896142433236,30,60.0,1.2525910139083862
DOT,🧪,🧪 24 saat Çok güçlü ↑,d24,⛔ hariç,24,141,59.57446808510638,0.7794604301452637,0.9762611275964392,30,56.666666666666664,-0.5603795051574707
DOGE,🧪,🧪 24 saat Çok güçlü ↑,d24,⛔ hariç,24,195,60.51282051282051,0.6375333666801453,1.3501483679525224,49,67.3469387755102,0.7140060663223267
DOT,🔇,🔇 ⭐,star,yalnız ✅,8,117,62.39316239316239,0.5691464394346482,0.8100890207715135,28,57.14285714285714,0.14233276371639278
NEAR,🤝,🤝 A,acls,⛔ hariç,4,277,58.844765342960294,0.503177046186557,1.917903066271019,56,64.28571428571429,0.6629784699011325
ETH,🔇,🔇 ⭐,star,⛔ hariç,8,93,66.66666666666666,0.40020791820383195,0.6439169139465876,17,70.58823529411765,0.6731872068608731
OP,🤝,🤝 A,acls,yalnız ✅,4,137,61.31386861313869,0.3165130765170459,0.9485657764589516,37,62.16216216216216,0.3905322570064472
BNB,🔇,🔇 ⭐,star,⛔ hariç,8,148,61.48648648648649,0.28750831563052315,1.0247279920870427,22,59.09090909090909,0.018356554013941064
ARB,🤝,🤝 4s ÇG↑,u4,ham,4,191,61.78010471204188,0.28585633886481937,1.482261640798226,48,66.66666666666666,0.857716280005767
BNB,🤝,🤝 4s ÇG↑,u4,yalnız ✅,4,45,71.11111111111111,0.21188726962078622,1.0063897763578276,37,67.56756756756756,0.20670557593078048
LINK,🤝,🤝 A,acls,⛔ hariç,4,243,61.72839506172839,0.20006423297274598,1.6824925816023741,70,65.71428571428571,0.35990552202709414
FLOKI,🤝,🤝 4s ÇG↑,u4,⛔ hariç,4,153,66.66666666666666,0.15365122133115414,1.2765196662693683,47,78.72340425531915,0.6252576256659323
APT,🤝,🤝 4s ÇG↑,u4,ham,4,188,58.51063829787234,0.12952472908845236,1.301681503461919,38,57.89473684210527,0.37016463506279673
