coin,aile,tur,sinyal,filtre,H,20-23_n,20-23_isabet,20-23_net,20-23_haftada,24+_n,24+_isabet,24+_net,24+_haftada,26_n,26_isabet,26_net,26_haftada,gecer
BTC,BTC,BTC ⭐,star,ham,8,423,63.35697399527187,0.2256678846379897,2.0477178423236513,307,61.88925081433225,0.20153817848261313,2.1256181998021764,72,61.111111111111114,0.16557515849663873,1.8,True
BTC,BTC,BTC ⭐,star,⛔ hariç,8,399,63.1578947368421,0.23495388182280635,1.9315352697095434,217,65.89861751152074,0.3131840193111849,1.5024727992087044,51,68.62745098039215,0.3150979026188594,1.275,True
BTC,BTC,BTC ⭐,star,yalnız ✅,8,102,63.725490196078425,0.12516392698317308,1.2246998284734132,130,68.46153846153847,0.4216915517672812,0.9000989119683482,28,57.14285714285714,0.21491296218196665,0.7,True
BTC,BTC,BTC 4s ÇG↑,u4,ham,4,958,62.10855949895616,0.18848835114781368,4.637621023513139,673,60.62407132243685,0.08428369692258578,4.659742828882295,179,56.98324022346368,0.07725302017084507,4.475,True
BTC,BTC,BTC 4s ÇG↑,u4,⛔ hariç,4,902,62.08425720620843,0.21170703979453168,4.366528354080221,493,62.06896551724138,0.1197647636067803,3.4134520276953513,129,59.68992248062015,0.17611287838001394,3.225,True
BTC,BTC,BTC 4s ÇG↑,u4,yalnız ✅,4,218,61.00917431192661,0.058553592973837186,2.5391014975041597,313,61.0223642172524,0.1751748008882721,2.1671612265084077,91,58.24175824175825,0.19908212512296017,2.275,True
BTC,BTC,BTC A,acls,ham,4,1962,60.703363914373085,0.12018765761767644,10.365283018867926,1491,58.01475519785379,0.026917799618535205,10.323442136498517,385,54.8051948051948,-0.02233745271732328,9.625,False
BTC,BTC,BTC A,acls,⛔ hariç,4,1826,60.62431544359255,0.12743554546799252,9.646792452830189,1113,58.93980233602875,0.04284776871108867,7.706231454005936,277,56.678700361010826,0.04959646282641995,6.925,False
BTC,BTC,BTC A,acls,yalnız ✅,4,490,61.42857142857143,0.028990641756592692,5.6976744186046515,703,60.02844950213371,0.08882859877443168,4.867457962413453,185,55.13513513513514,0.04213588027637462,4.625,True
