sym,sinyal,n,haftada,isabet,isabet20
ADAUSDT,star,143,0.9910891089108912,62.23776223776224,63.541666666666664
ADAUSDT,u4,272,1.8851485148514853,61.76470588235294,60.51948051948052
ADAUSDT,acls,367,2.5435643564356436,58.31062670299727,58.81188118811881
APTUSDT,star,87,0.602970297029703,58.620689655172406,83.33333333333334
APTUSDT,u4,188,1.302970297029703,58.51063829787234,90.9090909090909
ARBUSDT,u4,191,1.454842219804135,61.78010471204188,
ARBUSDT,acls,228,1.7366702937976062,60.08771929824561,
BNBUSDT,star,101,0.7000000000000001,61.386138613861384,66.17647058823529
BNBUSDT,u4,256,1.7742574257425743,64.84375,66.09756097560975
BNBUSDT,acls,366,2.5366336633663367,63.661202185792355,64.030131826742
DOGEUSDT,star,142,0.9841584158415843,61.267605633802816,55.494505494505496
DOGEUSDT,u4,262,1.815841584158416,59.16030534351145,59.523809523809526
DOTUSDT,star,129,0.8940594059405941,66.66666666666666,64.51612903225806
DOTUSDT,u4,286,1.9821782178217824,59.09090909090909,62.5
ETHUSDT,star,133,0.9217821782178218,60.150375939849624,69.19642857142857
ETHUSDT,u4,294,2.0376237623762377,63.94557823129252,66.33064516129032
ETHUSDT,acls,447,3.098019801980198,60.85011185682326,64.25196850393701
FLOKIUSDT,u4,164,1.337995337995338,64.02439024390245,
LINKUSDT,acls,294,2.0376237623762377,58.843537414965986,60.090702947845806
NEARUSDT,star,72,0.49900990099009906,62.5,62.5
NEARUSDT,acls,277,1.91980198019802,58.844765342960294,57.24137931034483
OPUSDT,acls,276,1.912871287128713,59.78260869565217,66.66666666666666
PEPEUSDT,star,80,0.6526806526806527,66.25,
SHIBUSDT,star,122,0.8455445544554456,61.47540983606557,64.70588235294117
SUIUSDT,star,80,0.6526806526806527,61.25000000000001,
SUIUSDT,u4,171,1.3951048951048952,61.40350877192983,
